PID,trial_no,choiceOld,delay,age,gender,outcome,choice
62,6,1,10,18,male,1,0
62,7,2,5,18,male,0,1
62,8,1,1,18,male,1,0
62,9,1,2,18,male,0,0
62,10,2,40,18,male,1,1
62,11,1,2,18,male,1,0
62,12,1,1,18,male,0,0
62,13,2,80,18,male,0,1
62,14,1,5,18,male,1,0
62,15,1,1,18,male,1,0
62,16,1,10,18,male,1,0
62,17,1,20,18,male,1,0
62,18,1,1,18,male,0,0
62,19,1,2,18,male,1,0
62,20,1,40,18,male,1,0
62,21,1,80,18,male,1,0
62,22,1,5,18,male,1,0
62,23,2,10,18,male,0,1
62,24,1,10,18,male,0,0
62,25,1,5,18,male,0,0
62,26,1,5,18,male,1,0
62,27,2,20,18,male,0,1
62,28,1,20,18,male,1,0
62,29,1,80,18,male,0,0
62,30,1,2,18,male,1,0
62,31,2,1,18,male,1,1
62,32,1,20,18,male,0,0
62,33,1,10,18,male,0,0
62,34,2,20,18,male,1,1
62,35,2,40,18,male,0,1
62,36,1,2,18,male,1,0
62,37,2,40,18,male,0,1
62,38,2,80,18,male,1,1
62,39,1,10,18,male,1,0
62,40,1,80,18,male,1,0
62,41,2,80,18,male,0,1
62,42,1,2,18,male,0,0
62,43,1,2,18,male,1,0
62,44,2,80,18,male,0,1
62,45,1,2,18,male,1,0
62,46,2,20,18,male,0,1
62,47,2,1,18,male,0,1
62,48,2,80,18,male,1,1
62,49,1,5,18,male,0,0
62,50,1,1,18,male,0,0
62,51,1,2,18,male,1,0
62,52,1,5,18,male,0,0
62,53,2,20,18,male,1,1
62,54,1,10,18,male,1,0
62,55,1,10,18,male,0,0
62,56,1,10,18,male,1,0
62,57,2,20,18,male,1,1
62,58,2,20,18,male,1,1
62,59,2,40,18,male,1,1
62,60,1,2,18,male,0,0
62,61,2,20,18,male,1,1
62,62,2,40,18,male,1,1
62,63,2,80,18,male,1,1
62,64,1,10,18,male,1,0
62,65,1,5,18,male,0,0
62,66,2,40,18,male,1,1
62,67,2,40,18,male,0,1
62,68,1,5,18,male,0,0
62,69,1,1,18,male,1,0
62,70,2,40,18,male,0,1
62,71,1,1,18,male,0,0
62,72,2,1,18,male,0,1
62,73,2,40,18,male,0,1
62,74,2,80,18,male,1,1
62,75,1,5,18,male,0,0
109,6,2,80,18,female,1,1
109,7,2,40,18,female,1,1
109,8,1,10,18,female,1,0
109,9,2,20,18,female,0,1
109,10,1,5,18,female,1,0
109,11,1,1,18,female,1,0
109,12,1,5,18,female,1,0
109,13,2,10,18,female,1,1
109,14,2,10,18,female,1,1
109,15,2,20,18,female,1,1
109,16,2,40,18,female,0,1
109,17,1,2,18,female,1,0
109,18,2,1,18,female,1,1
109,19,2,80,18,female,0,1
109,20,1,1,18,female,1,0
109,21,2,40,18,female,1,1
109,22,2,10,18,female,1,1
109,23,2,5,18,female,1,1
109,24,1,2,18,female,0,0
109,25,2,20,18,female,0,1
109,26,2,40,18,female,1,1
109,27,2,20,18,female,0,1
109,28,1,2,18,female,0,0
109,29,1,1,18,female,0,0
109,30,2,40,18,female,1,1
109,31,1,20,18,female,1,0
109,32,2,1,18,female,1,1
109,33,2,20,18,female,1,1
109,34,2,80,18,female,1,1
109,35,2,10,18,female,0,1
109,36,2,20,18,female,1,1
109,37,1,2,18,female,0,0
109,38,2,20,18,female,0,1
109,39,1,5,18,female,0,0
109,40,2,80,18,female,0,1
109,41,1,2,18,female,1,0
109,42,1,1,18,female,1,0
109,43,1,1,18,female,0,0
109,44,2,80,18,female,1,1
109,45,2,10,18,female,1,1
109,46,2,10,18,female,1,1
109,47,2,40,18,female,1,1
109,48,1,1,18,female,0,0
109,49,2,5,18,female,0,1
109,50,1,2,18,female,1,0
109,51,2,10,18,female,1,1
109,52,2,5,18,female,1,1
109,53,2,2,18,female,0,1
109,54,2,5,18,female,0,1
109,55,2,5,18,female,1,1
109,56,2,2,18,female,1,1
109,57,2,80,18,female,1,1
109,58,2,80,18,female,1,1
109,59,2,10,18,female,0,1
109,60,1,20,18,female,1,0
109,61,2,2,18,female,0,1
109,62,2,40,18,female,0,1
109,63,2,40,18,female,1,1
109,64,1,1,18,female,0,0
109,65,1,2,18,female,0,0
109,66,2,80,18,female,1,1
109,67,2,20,18,female,1,1
109,68,2,40,18,female,1,1
109,69,1,5,18,female,0,0
109,70,1,80,18,female,1,0
109,71,2,40,18,female,0,1
109,72,1,1,18,female,0,0
109,73,2,10,18,female,0,1
109,74,2,80,18,female,1,1
109,75,1,5,18,female,1,0
204,6,1,10,30,female,1,0
204,7,2,1,30,female,0,1
204,8,1,20,30,female,1,0
204,9,1,20,30,female,1,0
204,10,1,10,30,female,1,0
204,11,2,10,30,female,1,1
204,12,1,20,30,female,0,0
204,13,2,80,30,female,1,1
204,14,2,10,30,female,1,1
204,15,1,40,30,female,1,0
204,16,1,5,30,female,0,0
204,17,1,5,30,female,1,0
204,18,1,20,30,female,0,0
204,19,1,80,30,female,1,0
204,20,1,40,30,female,0,0
204,21,2,10,30,female,1,1
204,22,1,40,30,female,0,0
204,23,1,20,30,female,0,0
204,24,2,2,30,female,0,1
204,25,1,5,30,female,1,0
204,26,1,80,30,female,1,0
204,27,1,80,30,female,1,0
204,28,2,2,30,female,1,1
204,29,2,5,30,female,1,1
204,30,1,40,30,female,0,0
204,31,1,40,30,female,1,0
204,32,1,2,30,female,0,0
204,33,1,1,30,female,0,0
204,34,1,40,30,female,0,0
204,35,1,10,30,female,0,0
204,36,1,40,30,female,1,0
204,37,1,10,30,female,0,0
204,38,2,1,30,female,0,1
204,39,1,80,30,female,0,0
204,40,2,10,30,female,0,1
204,41,2,2,30,female,1,1
204,42,1,2,30,female,1,0
204,43,2,10,30,female,0,1
204,44,2,40,30,female,1,1
204,45,1,1,30,female,0,0
204,46,1,1,30,female,0,0
204,47,2,20,30,female,0,1
204,48,2,80,30,female,0,1
204,49,2,20,30,female,0,1
204,50,2,1,30,female,1,1
204,51,1,5,30,female,1,0
204,52,2,1,30,female,0,1
204,53,2,5,30,female,0,1
204,54,2,80,30,female,1,1
204,55,2,1,30,female,0,1
204,56,2,1,30,female,1,1
204,57,2,2,30,female,1,1
204,58,2,80,30,female,1,1
204,59,1,2,30,female,1,0
204,60,2,40,30,female,1,1
204,61,2,5,30,female,0,1
204,62,2,80,30,female,0,1
204,63,2,5,30,female,0,1
204,64,2,20,30,female,0,1
204,65,2,80,30,female,1,1
204,66,1,1,30,female,0,0
204,67,1,20,30,female,1,0
204,68,2,10,30,female,0,1
204,69,2,20,30,female,1,1
204,70,1,2,30,female,1,0
204,71,2,40,30,female,1,1
204,72,2,5,30,female,0,1
204,73,1,2,30,female,1,0
204,74,1,2,30,female,1,0
204,75,1,5,30,female,1,0
397,6,2,5,17,female,1,1
397,7,2,1,17,female,0,1
397,8,2,10,17,female,0,1
397,9,1,80,17,female,0,0
397,10,2,20,17,female,0,1
397,11,1,20,17,female,0,0
397,12,2,80,17,female,0,1
397,13,1,40,17,female,0,0
397,14,2,5,17,female,1,1
397,15,2,20,17,female,1,1
397,16,1,10,17,female,0,0
397,17,2,20,17,female,1,1
397,18,1,1,17,female,1,0
397,19,1,5,17,female,1,0
397,20,2,1,17,female,1,1
397,21,1,20,17,female,1,0
397,22,2,2,17,female,0,1
397,23,2,2,17,female,1,1
397,24,2,40,17,female,0,1
397,25,1,40,17,female,1,0
397,26,2,20,17,female,0,1
397,27,1,2,17,female,0,0
397,28,1,40,17,female,0,0
397,29,2,40,17,female,0,1
397,30,1,5,17,female,0,0
397,31,2,80,17,female,1,1
397,32,2,5,17,female,1,1
397,33,1,2,17,female,0,0
397,34,1,2,17,female,0,0
397,35,2,10,17,female,1,1
397,36,2,80,17,female,0,1
397,37,1,1,17,female,1,0
397,38,2,1,17,female,0,1
397,39,2,10,17,female,1,1
397,40,2,5,17,female,1,1
397,41,2,2,17,female,0,1
397,42,2,10,17,female,0,1
397,43,2,80,17,female,1,1
397,44,1,1,17,female,1,0
397,45,2,5,17,female,0,1
397,46,2,5,17,female,1,1
397,47,2,10,17,female,1,1
397,48,1,1,17,female,1,0
397,49,2,40,17,female,1,1
397,50,1,2,17,female,0,0
397,51,2,80,17,female,0,1
397,52,2,10,17,female,0,1
397,53,2,40,17,female,1,1
397,54,2,40,17,female,0,1
397,55,2,5,17,female,1,1
397,56,1,20,17,female,1,0
397,57,2,2,17,female,0,1
397,58,2,1,17,female,0,1
397,59,2,10,17,female,0,1
397,60,1,2,17,female,1,0
397,61,2,40,17,female,1,1
397,62,2,2,17,female,1,1
397,63,1,1,17,female,1,0
397,64,1,20,17,female,1,0
397,65,2,40,17,female,1,1
397,66,2,20,17,female,1,1
397,67,2,20,17,female,0,1
397,68,1,1,17,female,0,0
397,69,2,10,17,female,0,1
397,70,1,5,17,female,1,0
397,71,2,80,17,female,0,1
397,72,2,80,17,female,0,1
397,73,1,80,17,female,0,0
397,74,1,10,17,female,1,0
397,75,2,80,17,female,1,1
649,6,2,10,19,female,0,1
649,7,2,40,19,female,0,1
649,8,2,2,19,female,0,1
649,9,2,80,19,female,0,1
649,10,2,5,19,female,1,1
649,11,2,80,19,female,1,1
649,12,1,1,19,female,0,0
649,13,2,80,19,female,1,1
649,14,1,20,19,female,1,0
649,15,1,1,19,female,1,0
649,16,2,80,19,female,1,1
649,17,1,2,19,female,0,0
649,18,1,2,19,female,1,0
649,19,2,40,19,female,0,1
649,20,2,80,19,female,1,1
649,21,2,40,19,female,0,1
649,22,2,80,19,female,0,1
649,23,1,2,19,female,1,0
649,24,1,1,19,female,1,0
649,25,2,20,19,female,0,1
649,26,2,20,19,female,1,1
649,27,2,40,19,female,1,1
649,28,1,1,19,female,0,0
649,29,2,1,19,female,0,1
649,30,2,20,19,female,0,1
649,31,2,10,19,female,0,1
649,32,2,2,19,female,1,1
649,33,2,5,19,female,1,1
649,34,2,20,19,female,0,1
649,35,2,10,19,female,0,1
649,36,2,10,19,female,1,1
649,37,2,80,19,female,0,1
649,38,1,5,19,female,1,0
649,39,1,1,19,female,1,0
649,40,1,10,19,female,0,0
649,41,1,10,19,female,0,0
649,42,1,10,19,female,0,0
649,43,2,5,19,female,1,1
649,44,2,40,19,female,1,1
649,45,2,80,19,female,0,1
649,46,1,2,19,female,0,0
649,47,2,5,19,female,1,1
649,48,1,1,19,female,1,0
649,49,1,5,19,female,0,0
649,50,2,10,19,female,1,1
649,51,1,2,19,female,1,0
649,52,2,40,19,female,0,1
649,53,1,20,19,female,1,0
649,54,2,20,19,female,0,1
649,55,2,40,19,female,1,1
649,56,2,40,19,female,1,1
649,57,1,2,19,female,0,0
649,58,2,20,19,female,0,1
649,59,2,2,19,female,0,1
649,60,2,10,19,female,1,1
649,61,1,2,19,female,1,0
649,62,1,80,19,female,1,0
649,63,2,1,19,female,1,1
649,64,1,5,19,female,1,0
649,65,2,40,19,female,1,1
649,66,1,20,19,female,0,0
649,67,2,5,19,female,0,1
649,68,1,5,19,female,1,0
649,69,2,80,19,female,0,1
649,70,1,1,19,female,0,0
649,71,2,10,19,female,0,1
649,72,1,40,19,female,0,0
649,73,1,1,19,female,1,0
649,74,2,5,19,female,0,1
649,75,1,20,19,female,0,0
671,6,2,10,20,female,1,1
671,7,2,20,20,female,1,1
671,8,2,20,20,female,1,1
671,9,1,20,20,female,0,0
671,10,2,40,20,female,1,1
671,11,2,2,20,female,1,1
671,12,1,80,20,female,0,0
671,13,1,40,20,female,1,0
671,14,2,5,20,female,1,1
671,15,2,10,20,female,1,1
671,16,1,10,20,female,1,0
671,17,1,2,20,female,0,0
671,18,2,10,20,female,1,1
671,19,1,10,20,female,0,0
671,20,1,2,20,female,0,0
671,21,2,2,20,female,0,1
671,22,2,80,20,female,0,1
671,23,2,40,20,female,0,1
671,24,2,40,20,female,0,1
671,25,2,2,20,female,0,1
671,26,2,5,20,female,1,1
671,27,2,2,20,female,1,1
671,28,1,10,20,female,0,0
671,29,2,5,20,female,1,1
671,30,2,1,20,female,0,1
671,31,2,40,20,female,0,1
671,32,2,5,20,female,0,1
671,33,2,40,20,female,0,1
671,34,2,1,20,female,0,1
671,35,2,5,20,female,1,1
671,36,2,2,20,female,0,1
671,37,2,80,20,female,0,1
671,38,2,80,20,female,0,1
671,39,2,1,20,female,0,1
671,40,2,1,20,female,0,1
671,41,2,1,20,female,1,1
671,42,2,5,20,female,0,1
671,43,2,20,20,female,0,1
671,44,2,1,20,female,1,1
671,45,2,20,20,female,1,1
671,46,2,1,20,female,0,1
671,47,2,40,20,female,1,1
671,48,2,80,20,female,0,1
671,49,2,40,20,female,1,1
671,50,2,40,20,female,1,1
671,51,2,20,20,female,1,1
671,52,2,20,20,female,0,1
671,53,2,5,20,female,0,1
671,54,2,80,20,female,1,1
671,55,2,20,20,female,1,1
671,56,2,1,20,female,0,1
671,57,2,80,20,female,1,1
671,58,2,80,20,female,0,1
671,59,2,5,20,female,0,1
671,60,2,10,20,female,0,1
671,61,2,80,20,female,1,1
671,62,2,10,20,female,1,1
671,63,2,80,20,female,1,1
671,64,2,2,20,female,1,1
671,65,2,10,20,female,0,1
671,66,2,5,20,female,0,1
671,67,1,2,20,female,1,0
671,68,2,2,20,female,1,1
671,69,2,1,20,female,0,1
671,70,2,20,20,female,0,1
671,71,2,10,20,female,0,1
671,72,1,20,20,female,1,0
671,73,2,5,20,female,0,1
671,74,2,1,20,female,1,1
671,75,2,40,20,female,0,1
944,6,2,80,20,female,1,1
944,7,2,5,20,female,0,1
944,8,2,2,20,female,0,1
944,9,2,1,20,female,1,1
944,10,2,80,20,female,0,1
944,11,2,1,20,female,1,1
944,12,2,1,20,female,1,1
944,13,2,1,20,female,0,1
944,14,1,20,20,female,1,0
944,15,2,5,20,female,0,1
944,16,2,20,20,female,1,1
944,17,2,5,20,female,0,1
944,18,2,80,20,female,1,1
944,19,2,40,20,female,1,1
944,20,2,20,20,female,0,1
944,21,2,10,20,female,0,1
944,22,2,80,20,female,0,1
944,23,2,2,20,female,1,1
944,24,2,5,20,female,1,1
944,25,2,40,20,female,0,1
944,26,2,2,20,female,1,1
944,27,2,1,20,female,1,1
944,28,1,10,20,female,1,0
944,29,2,40,20,female,1,1
944,30,2,80,20,female,0,1
944,31,2,10,20,female,0,1
944,32,2,20,20,female,1,1
944,33,2,20,20,female,1,1
944,34,2,80,20,female,1,1
944,35,2,40,20,female,1,1
944,36,2,80,20,female,0,1
944,37,2,1,20,female,0,1
944,38,2,40,20,female,1,1
944,39,2,40,20,female,0,1
944,40,2,2,20,female,0,1
944,41,2,10,20,female,0,1
944,42,2,20,20,female,1,1
944,43,2,2,20,female,1,1
944,44,2,40,20,female,0,1
944,45,2,40,20,female,1,1
944,46,2,5,20,female,1,1
944,47,2,1,20,female,0,1
944,48,2,80,20,female,1,1
944,49,2,40,20,female,0,1
944,50,2,10,20,female,0,1
944,51,2,10,20,female,1,1
944,52,2,40,20,female,1,1
944,53,2,10,20,female,1,1
944,54,2,5,20,female,1,1
944,55,2,20,20,female,1,1
944,56,2,20,20,female,1,1
944,57,2,2,20,female,0,1
944,58,2,10,20,female,0,1
944,59,2,2,20,female,0,1
944,60,2,20,20,female,0,1
944,61,2,5,20,female,0,1
944,62,2,1,20,female,1,1
944,63,2,5,20,female,0,1
944,64,2,2,20,female,1,1
944,65,2,10,20,female,1,1
944,66,2,10,20,female,0,1
944,67,2,1,20,female,0,1
944,68,2,5,20,female,0,1
944,69,2,80,20,female,0,1
944,70,2,1,20,female,0,1
944,71,2,5,20,female,1,1
944,72,2,20,20,female,1,1
944,73,2,2,20,female,0,1
944,74,2,2,20,female,1,1
944,75,2,80,20,female,1,1
1384,6,1,1,19,female,1,0
1384,7,2,80,19,female,0,1
1384,8,1,5,19,female,1,0
1384,9,1,1,19,female,0,0
1384,10,1,2,19,female,1,0
1384,11,1,80,19,female,1,0
1384,12,1,1,19,female,0,0
1384,13,2,40,19,female,0,1
1384,14,1,40,19,female,0,0
1384,15,2,20,19,female,1,1
1384,16,1,40,19,female,0,0
1384,17,2,10,19,female,0,1
1384,18,2,40,19,female,1,1
1384,19,2,5,19,female,0,1
1384,20,1,20,19,female,0,0
1384,21,1,5,19,female,0,0
1384,22,1,1,19,female,0,0
1384,23,1,5,19,female,1,0
1384,24,1,20,19,female,0,0
1384,25,1,1,19,female,1,0
1384,26,1,2,19,female,1,0
1384,27,2,40,19,female,1,1
1384,28,1,80,19,female,1,0
1384,29,1,2,19,female,0,0
1384,30,1,2,19,female,1,0
1384,31,1,10,19,female,0,0
1384,32,1,10,19,female,1,0
1384,33,1,2,19,female,1,0
1384,34,1,80,19,female,1,0
1384,35,1,5,19,female,0,0
1384,36,1,20,19,female,1,0
1384,37,1,2,19,female,1,0
1384,38,1,2,19,female,0,0
1384,39,1,2,19,female,1,0
1384,40,2,20,19,female,1,1
1384,41,1,80,19,female,0,0
1384,42,1,10,19,female,1,0
1384,43,2,10,19,female,1,1
1384,44,1,40,19,female,0,0
1384,45,1,2,19,female,0,0
1384,46,1,5,19,female,1,0
1384,47,1,5,19,female,1,0
1384,48,2,10,19,female,1,1
1384,49,1,40,19,female,0,0
1384,50,1,40,19,female,1,0
1384,51,1,10,19,female,0,0
1384,52,1,80,19,female,1,0
1384,53,1,10,19,female,0,0
1384,54,2,40,19,female,0,1
1384,55,2,20,19,female,1,1
1384,56,2,20,19,female,1,1
1384,57,1,80,19,female,0,0
1384,58,1,40,19,female,1,0
1384,59,1,10,19,female,1,0
1384,60,1,1,19,female,1,0
1384,61,1,1,19,female,0,0
1384,62,1,1,19,female,0,0
1384,63,2,20,19,female,1,1
1384,64,1,1,19,female,1,0
1384,65,1,80,19,female,1,0
1384,66,2,20,19,female,0,1
1384,67,1,80,19,female,0,0
1384,68,1,1,19,female,0,0
1384,69,1,2,19,female,0,0
1384,70,1,5,19,female,1,0
1384,71,1,5,19,female,1,0
1384,72,2,10,19,female,1,1
1384,73,2,80,19,female,1,1
1384,74,2,20,19,female,0,1
1384,75,1,5,19,female,0,0
1461,6,2,2,18,female,1,1
1461,7,2,1,18,female,0,1
1461,8,1,80,18,female,1,0
1461,9,2,80,18,female,1,1
1461,10,2,2,18,female,1,1
1461,11,1,40,18,female,0,0
1461,12,1,40,18,female,0,0
1461,13,2,20,18,female,1,1
1461,14,2,10,18,female,0,1
1461,15,2,5,18,female,1,1
1461,16,1,20,18,female,0,0
1461,17,2,5,18,female,0,1
1461,18,2,2,18,female,1,1
1461,19,2,2,18,female,1,1
1461,20,2,1,18,female,0,1
1461,21,1,20,18,female,0,0
1461,22,2,1,18,female,0,1
1461,23,2,5,18,female,1,1
1461,24,1,40,18,female,1,0
1461,25,1,40,18,female,1,0
1461,26,1,20,18,female,1,0
1461,27,2,1,18,female,0,1
1461,28,1,40,18,female,0,0
1461,29,1,80,18,female,1,0
1461,30,2,10,18,female,0,1
1461,31,2,2,18,female,0,1
1461,32,1,80,18,female,0,0
1461,33,1,20,18,female,1,0
1461,34,2,5,18,female,1,1
1461,35,1,40,18,female,0,0
1461,36,2,2,18,female,0,1
1461,37,2,5,18,female,0,1
1461,38,2,1,18,female,1,1
1461,39,2,2,18,female,1,1
1461,40,2,5,18,female,1,1
1461,41,2,20,18,female,0,1
1461,42,2,10,18,female,0,1
1461,43,1,80,18,female,0,0
1461,44,2,5,18,female,1,1
1461,45,2,1,18,female,1,1
1461,46,2,1,18,female,0,1
1461,47,1,80,18,female,1,0
1461,48,2,2,18,female,0,1
1461,49,2,10,18,female,1,1
1461,50,2,10,18,female,0,1
1461,51,1,80,18,female,0,0
1461,52,2,1,18,female,0,1
1461,53,2,10,18,female,1,1
1461,54,2,2,18,female,1,1
1461,55,2,5,18,female,1,1
1461,56,1,40,18,female,1,0
1461,57,2,10,18,female,0,1
1461,58,2,10,18,female,1,1
1461,59,2,1,18,female,0,1
1461,60,2,20,18,female,0,1
1461,61,1,40,18,female,0,0
1461,62,2,20,18,female,0,1
1461,63,2,20,18,female,1,1
1461,64,1,80,18,female,1,0
1461,65,2,40,18,female,0,1
1461,66,2,1,18,female,0,1
1461,67,1,80,18,female,0,0
1461,68,2,2,18,female,0,1
1461,69,1,20,18,female,1,0
1461,70,2,10,18,female,0,1
1461,71,2,10,18,female,0,1
1461,72,2,5,18,female,1,1
1461,73,2,40,18,female,1,1
1461,74,1,80,18,female,0,0
1461,75,2,5,18,female,1,1
1745,6,1,5,22,male,0,0
1745,7,1,1,22,male,1,0
1745,8,2,2,22,male,1,1
1745,9,1,10,22,male,1,0
1745,10,1,1,22,male,1,0
1745,11,2,1,22,male,1,1
1745,12,1,1,22,male,0,0
1745,13,2,20,22,male,1,1
1745,14,1,40,22,male,0,0
1745,15,2,20,22,male,0,1
1745,16,1,40,22,male,0,0
1745,17,1,40,22,male,1,0
1745,18,1,5,22,male,0,0
1745,19,1,20,22,male,1,0
1745,20,1,2,22,male,0,0
1745,21,1,10,22,male,0,0
1745,22,1,20,22,male,1,0
1745,23,1,10,22,male,0,0
1745,24,1,2,22,male,0,0
1745,25,1,10,22,male,0,0
1745,26,1,80,22,male,0,0
1745,27,1,1,22,male,1,0
1745,28,1,1,22,male,1,0
1745,29,1,20,22,male,0,0
1745,30,1,2,22,male,1,0
1745,31,1,5,22,male,1,0
1745,32,1,40,22,male,0,0
1745,33,1,20,22,male,0,0
1745,34,1,80,22,male,1,0
1745,35,1,40,22,male,0,0
1745,36,1,40,22,male,0,0
1745,37,1,2,22,male,0,0
1745,38,1,2,22,male,0,0
1745,39,1,80,22,male,0,0
1745,40,1,2,22,male,1,0
1745,41,1,1,22,male,1,0
1745,42,1,20,22,male,0,0
1745,43,1,5,22,male,0,0
1745,44,1,10,22,male,0,0
1745,45,1,80,22,male,0,0
1745,46,1,40,22,male,1,0
1745,47,1,5,22,male,0,0
1745,48,1,20,22,male,0,0
1745,49,1,10,22,male,0,0
1745,50,1,2,22,male,0,0
1745,51,1,40,22,male,1,0
1745,52,1,5,22,male,1,0
1745,53,1,10,22,male,0,0
1745,54,1,5,22,male,1,0
1745,55,1,1,22,male,1,0
1745,56,1,10,22,male,1,0
1745,57,1,1,22,male,1,0
1745,58,1,40,22,male,0,0
1745,59,1,80,22,male,0,0
1745,60,1,80,22,male,1,0
1745,61,1,20,22,male,0,0
1745,62,1,80,22,male,1,0
1745,63,1,20,22,male,0,0
1745,64,1,80,22,male,1,0
1745,65,1,2,22,male,1,0
1745,66,1,1,22,male,0,0
1745,67,1,5,22,male,0,0
1745,68,1,80,22,male,0,0
1745,69,1,10,22,male,0,0
1745,70,1,2,22,male,0,0
1745,71,1,10,22,male,1,0
1745,72,1,80,22,male,1,0
1745,73,1,5,22,male,0,0
1745,74,1,40,22,male,1,0
1745,75,1,5,22,male,0,0
2247,6,1,5,18,female,1,0
2247,7,2,5,18,female,0,1
2247,8,1,1,18,female,0,0
2247,9,2,2,18,female,0,1
2247,10,1,1,18,female,0,0
2247,11,2,1,18,female,1,1
2247,12,1,2,18,female,1,0
2247,13,1,1,18,female,1,0
2247,14,2,40,18,female,1,1
2247,15,2,10,18,female,1,1
2247,16,1,20,18,female,1,0
2247,17,1,20,18,female,1,0
2247,18,1,10,18,female,0,0
2247,19,1,80,18,female,0,0
2247,20,2,80,18,female,1,1
2247,21,1,5,18,female,0,0
2247,22,2,1,18,female,1,1
2247,23,1,20,18,female,1,0
2247,24,1,10,18,female,1,0
2247,25,2,20,18,female,0,1
2247,26,1,5,18,female,1,0
2247,27,2,10,18,female,1,1
2247,28,2,2,18,female,1,1
2247,29,2,80,18,female,1,1
2247,30,2,10,18,female,1,1
2247,31,1,2,18,female,0,0
2247,32,1,20,18,female,1,0
2247,33,1,5,18,female,1,0
2247,34,1,2,18,female,1,0
2247,35,1,10,18,female,1,0
2247,36,2,10,18,female,0,1
2247,37,1,40,18,female,0,0
2247,38,1,80,18,female,0,0
2247,39,1,2,18,female,1,0
2247,40,2,80,18,female,0,1
2247,41,1,40,18,female,0,0
2247,42,2,2,18,female,1,1
2247,43,1,5,18,female,1,0
2247,44,1,10,18,female,0,0
2247,45,1,20,18,female,0,0
2247,46,1,20,18,female,0,0
2247,47,2,2,18,female,1,1
2247,48,1,40,18,female,1,0
2247,49,1,10,18,female,1,0
2247,50,1,80,18,female,0,0
2247,51,1,5,18,female,1,0
2247,52,2,1,18,female,0,1
2247,53,2,80,18,female,1,1
2247,54,1,5,18,female,0,0
2247,55,2,80,18,female,0,1
2247,56,1,20,18,female,0,0
2247,57,2,5,18,female,1,1
2247,58,2,40,18,female,0,1
2247,59,2,40,18,female,0,1
2247,60,2,20,18,female,0,1
2247,61,2,40,18,female,0,1
2247,62,1,1,18,female,1,0
2247,63,2,2,18,female,0,1
2247,64,2,80,18,female,0,1
2247,65,2,5,18,female,0,1
2247,66,2,2,18,female,1,1
2247,67,2,40,18,female,0,1
2247,68,2,80,18,female,0,1
2247,69,1,40,18,female,1,0
2247,70,1,1,18,female,0,0
2247,71,1,40,18,female,1,0
2247,72,1,20,18,female,0,0
2247,73,2,1,18,female,1,1
2247,74,2,1,18,female,1,1
2247,75,1,10,18,female,1,0
3295,6,2,80,19,female,1,1
3295,7,2,1,19,female,0,1
3295,8,1,1,19,female,1,0
3295,9,2,1,19,female,0,1
3295,10,1,10,19,female,1,0
3295,11,2,20,19,female,1,1
3295,12,1,5,19,female,0,0
3295,13,2,5,19,female,1,1
3295,14,2,80,19,female,1,1
3295,15,1,20,19,female,0,0
3295,16,2,40,19,female,1,1
3295,17,2,10,19,female,0,1
3295,18,2,5,19,female,1,1
3295,19,2,80,19,female,1,1
3295,20,2,40,19,female,0,1
3295,21,1,80,19,female,1,0
3295,22,2,2,19,female,0,1
3295,23,2,10,19,female,0,1
3295,24,1,5,19,female,1,0
3295,25,1,2,19,female,0,0
3295,26,2,5,19,female,0,1
3295,27,2,20,19,female,0,1
3295,28,2,2,19,female,0,1
3295,29,2,2,19,female,0,1
3295,30,2,10,19,female,1,1
3295,31,2,20,19,female,1,1
3295,32,2,40,19,female,0,1
3295,33,2,20,19,female,0,1
3295,34,2,2,19,female,0,1
3295,35,1,1,19,female,0,0
3295,36,2,40,19,female,0,1
3295,37,2,10,19,female,1,1
3295,38,2,5,19,female,0,1
3295,39,2,2,19,female,0,1
3295,40,1,10,19,female,0,0
3295,41,2,1,19,female,1,1
3295,42,2,5,19,female,0,1
3295,43,2,1,19,female,0,1
3295,44,2,20,19,female,0,1
3295,45,2,5,19,female,1,1
3295,46,2,2,19,female,1,1
3295,47,2,20,19,female,1,1
3295,48,2,40,19,female,0,1
3295,49,2,5,19,female,0,1
3295,50,2,20,19,female,0,1
3295,51,2,80,19,female,0,1
3295,52,2,20,19,female,0,1
3295,53,2,2,19,female,1,1
3295,54,2,10,19,female,1,1
3295,55,2,40,19,female,0,1
3295,56,2,80,19,female,1,1
3295,57,2,40,19,female,1,1
3295,58,2,5,19,female,1,1
3295,59,2,80,19,female,1,1
3295,60,2,2,19,female,1,1
3295,61,2,10,19,female,0,1
3295,62,1,1,19,female,0,0
3295,63,2,10,19,female,1,1
3295,64,2,1,19,female,1,1
3295,65,2,40,19,female,0,1
3295,66,2,80,19,female,0,1
3295,67,2,1,19,female,0,1
3295,68,2,80,19,female,0,1
3295,69,2,1,19,female,0,1
3295,70,2,40,19,female,1,1
3295,71,2,20,19,female,0,1
3295,72,2,10,19,female,0,1
3295,73,2,40,19,female,0,1
3295,74,2,80,19,female,0,1
3295,75,2,2,19,female,1,1
3700,6,2,20,18,male,0,1
3700,7,2,5,18,male,1,1
3700,8,2,10,18,male,1,1
3700,9,1,1,18,male,0,0
3700,10,2,5,18,male,1,1
3700,11,2,40,18,male,1,1
3700,12,2,1,18,male,1,1
3700,13,2,2,18,male,1,1
3700,14,2,40,18,male,0,1
3700,15,2,10,18,male,1,1
3700,16,2,5,18,male,0,1
3700,17,2,40,18,male,1,1
3700,18,1,80,18,male,1,0
3700,19,1,2,18,male,0,0
3700,20,1,2,18,male,0,0
3700,21,2,5,18,male,1,1
3700,22,2,20,18,male,1,1
3700,23,2,40,18,male,0,1
3700,24,2,1,18,male,0,1
3700,25,2,20,18,male,0,1
3700,26,1,20,18,male,1,0
3700,27,2,2,18,male,0,1
3700,28,2,20,18,male,0,1
3700,29,2,5,18,male,1,1
3700,30,2,10,18,male,1,1
3700,31,1,10,18,male,1,0
3700,32,2,1,18,male,0,1
3700,33,2,2,18,male,1,1
3700,34,2,10,18,male,1,1
3700,35,2,10,18,male,0,1
3700,36,2,1,18,male,0,1
3700,37,2,10,18,male,1,1
3700,38,1,2,18,male,0,0
3700,39,1,80,18,male,0,0
3700,40,2,5,18,male,1,1
3700,41,2,80,18,male,1,1
3700,42,2,80,18,male,0,1
3700,43,2,2,18,male,0,1
3700,44,2,80,18,male,0,1
3700,45,2,80,18,male,0,1
3700,46,2,40,18,male,1,1
3700,47,2,2,18,male,0,1
3700,48,1,5,18,male,0,0
3700,49,1,40,18,male,0,0
3700,50,2,2,18,male,1,1
3700,51,2,20,18,male,1,1
3700,52,2,20,18,male,1,1
3700,53,2,80,18,male,1,1
3700,54,1,20,18,male,0,0
3700,55,1,2,18,male,0,0
3700,56,2,1,18,male,1,1
3700,57,2,1,18,male,0,1
3700,58,2,80,18,male,1,1
3700,59,2,20,18,male,1,1
3700,60,2,1,18,male,0,1
3700,61,2,10,18,male,0,1
3700,62,2,5,18,male,0,1
3700,63,1,1,18,male,0,0
3700,64,2,40,18,male,1,1
3700,65,2,20,18,male,0,1
3700,66,2,80,18,male,1,1
3700,67,2,40,18,male,1,1
3700,68,2,10,18,male,0,1
3700,69,2,40,18,male,1,1
3700,70,2,5,18,male,0,1
3700,71,2,40,18,male,1,1
3700,72,2,5,18,male,0,1
3700,73,1,1,18,male,0,0
3700,74,2,10,18,male,1,1
3700,75,2,80,18,male,0,1
4174,6,2,20,20,female,1,1
4174,7,1,5,20,female,1,0
4174,8,1,2,20,female,1,0
4174,9,2,2,20,female,1,1
4174,10,1,1,20,female,0,0
4174,11,2,1,20,female,0,1
4174,12,2,10,20,female,1,1
4174,13,1,40,20,female,0,0
4174,14,1,80,20,female,1,0
4174,15,2,40,20,female,0,1
4174,16,2,20,20,female,0,1
4174,17,1,10,20,female,0,0
4174,18,2,1,20,female,1,1
4174,19,2,40,20,female,1,1
4174,20,1,10,20,female,0,0
4174,21,2,80,20,female,1,1
4174,22,2,10,20,female,0,1
4174,23,2,10,20,female,0,1
4174,24,2,20,20,female,1,1
4174,25,2,20,20,female,1,1
4174,26,2,20,20,female,1,1
4174,27,2,80,20,female,0,1
4174,28,2,10,20,female,0,1
4174,29,2,40,20,female,1,1
4174,30,2,5,20,female,0,1
4174,31,2,5,20,female,1,1
4174,32,2,5,20,female,0,1
4174,33,2,5,20,female,1,1
4174,34,2,80,20,female,1,1
4174,35,2,5,20,female,1,1
4174,36,2,10,20,female,1,1
4174,37,2,40,20,female,0,1
4174,38,2,1,20,female,0,1
4174,39,2,20,20,female,1,1
4174,40,2,40,20,female,0,1
4174,41,2,2,20,female,1,1
4174,42,2,2,20,female,0,1
4174,43,2,2,20,female,1,1
4174,44,2,1,20,female,0,1
4174,45,2,1,20,female,1,1
4174,46,2,40,20,female,1,1
4174,47,2,5,20,female,0,1
4174,48,2,80,20,female,0,1
4174,49,2,5,20,female,0,1
4174,50,2,80,20,female,1,1
4174,51,2,2,20,female,1,1
4174,52,2,40,20,female,1,1
4174,53,2,20,20,female,0,1
4174,54,2,2,20,female,1,1
4174,55,2,80,20,female,1,1
4174,56,2,1,20,female,0,1
4174,57,2,5,20,female,1,1
4174,58,2,2,20,female,1,1
4174,59,2,10,20,female,1,1
4174,60,2,40,20,female,0,1
4174,61,2,10,20,female,1,1
4174,62,2,1,20,female,1,1
4174,63,2,1,20,female,1,1
4174,64,2,5,20,female,0,1
4174,65,2,2,20,female,1,1
4174,66,2,80,20,female,0,1
4174,67,2,80,20,female,1,1
4174,68,2,1,20,female,0,1
4174,69,2,2,20,female,1,1
4174,70,1,20,20,female,0,0
4174,71,2,20,20,female,0,1
4174,72,2,40,20,female,0,1
4174,73,2,20,20,female,1,1
4174,74,2,10,20,female,0,1
4174,75,2,80,20,female,1,1
4218,6,2,1,19,female,1,1
4218,7,2,5,19,female,1,1
4218,8,2,40,19,female,1,1
4218,9,2,20,19,female,1,1
4218,10,2,10,19,female,1,1
4218,11,2,10,19,female,1,1
4218,12,2,2,19,female,1,1
4218,13,2,1,19,female,1,1
4218,14,2,2,19,female,0,1
4218,15,2,80,19,female,1,1
4218,16,2,40,19,female,0,1
4218,17,2,80,19,female,1,1
4218,18,2,40,19,female,0,1
4218,19,1,5,19,female,0,0
4218,20,2,20,19,female,0,1
4218,21,2,40,19,female,1,1
4218,22,1,5,19,female,1,0
4218,23,2,5,19,female,1,1
4218,24,2,10,19,female,0,1
4218,25,2,20,19,female,0,1
4218,26,2,20,19,female,1,1
4218,27,2,40,19,female,0,1
4218,28,1,10,19,female,0,0
4218,29,1,2,19,female,1,0
4218,30,1,1,19,female,0,0
4218,31,1,1,19,female,0,0
4218,32,1,2,19,female,0,0
4218,33,2,5,19,female,0,1
4218,34,2,80,19,female,1,1
4218,35,2,20,19,female,0,1
4218,36,2,5,19,female,1,1
4218,37,2,10,19,female,1,1
4218,38,2,20,19,female,1,1
4218,39,2,40,19,female,0,1
4218,40,2,20,19,female,0,1
4218,41,1,1,19,female,1,0
4218,42,1,80,19,female,0,0
4218,43,1,2,19,female,0,0
4218,44,1,1,19,female,0,0
4218,45,2,40,19,female,1,1
4218,46,2,40,19,female,0,1
4218,47,1,2,19,female,1,0
4218,48,2,5,19,female,0,1
4218,49,2,20,19,female,1,1
4218,50,2,2,19,female,0,1
4218,51,2,1,19,female,1,1
4218,52,2,20,19,female,1,1
4218,53,2,40,19,female,0,1
4218,54,1,2,19,female,0,0
4218,55,2,20,19,female,1,1
4218,56,2,1,19,female,1,1
4218,57,2,80,19,female,0,1
4218,58,2,40,19,female,1,1
4218,59,1,1,19,female,1,0
4218,60,1,80,19,female,0,0
4218,61,2,10,19,female,0,1
4218,62,2,80,19,female,0,1
4218,63,1,2,19,female,0,0
4218,64,2,10,19,female,1,1
4218,65,2,10,19,female,0,1
4218,66,2,80,19,female,0,1
4218,67,2,80,19,female,0,1
4218,68,2,1,19,female,1,1
4218,69,2,5,19,female,0,1
4218,70,2,80,19,female,1,1
4218,71,2,5,19,female,0,1
4218,72,2,5,19,female,0,1
4218,73,2,10,19,female,0,1
4218,74,2,10,19,female,0,1
4218,75,1,2,19,female,1,0
4767,6,2,80,20,male,1,1
4767,7,1,20,20,male,1,0
4767,8,2,2,20,male,0,1
4767,9,1,20,20,male,0,0
4767,10,1,5,20,male,1,0
4767,11,1,40,20,male,0,0
4767,12,2,1,20,male,1,1
4767,13,2,5,20,male,0,1
4767,14,2,1,20,male,1,1
4767,15,1,40,20,male,1,0
4767,16,2,2,20,male,0,1
4767,17,2,1,20,male,0,1
4767,18,1,20,20,male,0,0
4767,19,2,2,20,male,0,1
4767,20,2,5,20,male,0,1
4767,21,1,10,20,male,0,0
4767,22,2,2,20,male,0,1
4767,23,1,20,20,male,1,0
4767,24,1,10,20,male,0,0
4767,25,1,40,20,male,0,0
4767,26,2,1,20,male,0,1
4767,27,1,40,20,male,1,0
4767,28,1,10,20,male,1,0
4767,29,1,80,20,male,0,0
4767,30,1,80,20,male,1,0
4767,31,1,20,20,male,1,0
4767,32,1,10,20,male,1,0
4767,33,2,5,20,male,0,1
4767,34,1,80,20,male,1,0
4767,35,1,10,20,male,0,0
4767,36,1,20,20,male,0,0
4767,37,2,2,20,male,1,1
4767,38,2,5,20,male,0,1
4767,39,1,40,20,male,0,0
4767,40,1,40,20,male,0,0
4767,41,1,40,20,male,1,0
4767,42,2,10,20,male,1,1
4767,43,2,1,20,male,1,1
4767,44,2,5,20,male,1,1
4767,45,1,80,20,male,1,0
4767,46,1,10,20,male,1,0
4767,47,2,1,20,male,0,1
4767,48,1,80,20,male,1,0
4767,49,2,2,20,male,0,1
4767,50,2,2,20,male,1,1
4767,51,1,20,20,male,1,0
4767,52,1,10,20,male,1,0
4767,53,1,20,20,male,0,0
4767,54,1,40,20,male,1,0
4767,55,1,40,20,male,0,0
4767,56,1,80,20,male,1,0
4767,57,2,2,20,male,0,1
4767,58,2,1,20,male,0,1
4767,59,2,5,20,male,0,1
4767,60,2,2,20,male,0,1
4767,61,2,1,20,male,1,1
4767,62,1,10,20,male,0,0
4767,63,1,80,20,male,0,0
4767,64,2,2,20,male,1,1
4767,65,2,5,20,male,0,1
4767,66,2,10,20,male,0,1
4767,67,2,1,20,male,1,1
4767,68,2,5,20,male,1,1
4767,69,1,20,20,male,0,0
4767,70,1,80,20,male,0,0
4767,71,1,80,20,male,1,0
4767,72,1,40,20,male,1,0
4767,73,2,1,20,male,1,1
4767,74,1,5,20,male,0,0
4767,75,1,20,20,male,0,0
5167,6,2,5,19,male,0,1
5167,7,1,2,19,male,1,0
5167,8,1,2,19,male,0,0
5167,9,2,1,19,male,0,1
5167,10,2,10,19,male,0,1
5167,11,1,1,19,male,0,0
5167,12,2,20,19,male,1,1
5167,13,2,20,19,male,1,1
5167,14,1,1,19,male,1,0
5167,15,2,80,19,male,0,1
5167,16,2,40,19,male,1,1
5167,17,1,80,19,male,1,0
5167,18,2,20,19,male,1,1
5167,19,1,2,19,male,1,0
5167,20,1,10,19,male,1,0
5167,21,2,20,19,male,1,1
5167,22,1,10,19,male,1,0
5167,23,2,20,19,male,0,1
5167,24,1,5,19,male,1,0
5167,25,2,40,19,male,0,1
5167,26,2,20,19,male,1,1
5167,27,2,40,19,male,1,1
5167,28,2,40,19,male,1,1
5167,29,1,2,19,male,0,0
5167,30,1,2,19,male,0,0
5167,31,2,2,19,male,1,1
5167,32,2,2,19,male,0,1
5167,33,1,5,19,male,0,0
5167,34,2,80,19,male,1,1
5167,35,1,1,19,male,0,0
5167,36,1,5,19,male,1,0
5167,37,2,20,19,male,1,1
5167,38,2,20,19,male,0,1
5167,39,1,1,19,male,1,0
5167,40,2,5,19,male,0,1
5167,41,2,10,19,male,1,1
5167,42,2,1,19,male,1,1
5167,43,1,2,19,male,0,0
5167,44,1,5,19,male,1,0
5167,45,2,10,19,male,0,1
5167,46,1,2,19,male,1,0
5167,47,2,80,19,male,1,1
5167,48,1,5,19,male,1,0
5167,49,2,10,19,male,1,1
5167,50,1,1,19,male,1,0
5167,51,2,20,19,male,0,1
5167,52,2,80,19,male,0,1
5167,53,1,1,19,male,1,0
5167,54,2,40,19,male,1,1
5167,55,2,40,19,male,0,1
5167,56,1,2,19,male,1,0
5167,57,1,1,19,male,1,0
5167,58,2,40,19,male,1,1
5167,59,2,40,19,male,1,1
5167,60,1,10,19,male,0,0
5167,61,2,10,19,male,0,1
5167,62,1,10,19,male,1,0
5167,63,2,40,19,male,1,1
5167,64,2,80,19,male,1,1
5167,65,2,80,19,male,1,1
5167,66,2,40,19,male,1,1
5167,67,1,80,19,male,1,0
5167,68,2,5,19,male,1,1
5167,69,1,5,19,male,1,0
5167,70,2,5,19,male,1,1
5167,71,2,80,19,male,1,1
5167,72,2,20,19,male,0,1
5167,73,1,80,19,male,0,0
5167,74,1,1,19,male,1,0
5167,75,2,10,19,male,0,1
5260,6,2,5,19,female,0,1
5260,7,1,40,19,female,1,0
5260,8,1,5,19,female,1,0
5260,9,2,20,19,female,0,1
5260,10,1,1,19,female,0,0
5260,11,2,40,19,female,1,1
5260,12,1,5,19,female,1,0
5260,13,2,10,19,female,1,1
5260,14,1,40,19,female,0,0
5260,15,1,2,19,female,1,0
5260,16,1,80,19,female,0,0
5260,17,1,10,19,female,1,0
5260,18,1,1,19,female,1,0
5260,19,2,20,19,female,0,1
5260,20,1,10,19,female,0,0
5260,21,1,1,19,female,1,0
5260,22,1,5,19,female,1,0
5260,23,1,40,19,female,0,0
5260,24,1,80,19,female,1,0
5260,25,1,80,19,female,1,0
5260,26,1,5,19,female,0,0
5260,27,1,40,19,female,0,0
5260,28,1,10,19,female,1,0
5260,29,1,80,19,female,0,0
5260,30,1,5,19,female,1,0
5260,31,1,20,19,female,1,0
5260,32,1,10,19,female,1,0
5260,33,2,80,19,female,0,1
5260,34,1,2,19,female,1,0
5260,35,1,10,19,female,0,0
5260,36,1,10,19,female,0,0
5260,37,1,1,19,female,0,0
5260,38,1,2,19,female,1,0
5260,39,1,1,19,female,0,0
5260,40,1,20,19,female,1,0
5260,41,1,5,19,female,1,0
5260,42,1,2,19,female,1,0
5260,43,2,40,19,female,0,1
5260,44,1,2,19,female,1,0
5260,45,1,2,19,female,1,0
5260,46,1,1,19,female,0,0
5260,47,1,10,19,female,1,0
5260,48,1,80,19,female,0,0
5260,49,1,1,19,female,1,0
5260,50,1,20,19,female,0,0
5260,51,1,40,19,female,0,0
5260,52,1,1,19,female,1,0
5260,53,2,80,19,female,1,1
5260,54,1,80,19,female,0,0
5260,55,1,20,19,female,0,0
5260,56,1,2,19,female,1,0
5260,57,1,1,19,female,0,0
5260,58,1,5,19,female,1,0
5260,59,1,5,19,female,1,0
5260,60,1,20,19,female,0,0
5260,61,1,40,19,female,0,0
5260,62,1,10,19,female,0,0
5260,63,1,5,19,female,1,0
5260,64,1,1,19,female,0,0
5260,65,1,10,19,female,1,0
5260,66,1,20,19,female,0,0
5260,67,1,2,19,female,0,0
5260,68,1,2,19,female,0,0
5260,69,1,40,19,female,1,0
5260,70,1,20,19,female,0,0
5260,71,2,80,19,female,0,1
5260,72,1,20,19,female,1,0
5260,73,1,40,19,female,0,0
5260,74,1,2,19,female,0,0
5260,75,1,80,19,female,0,0
5400,6,1,10,19,female,0,0
5400,7,2,80,19,female,1,1
5400,8,1,80,19,female,1,0
5400,9,1,40,19,female,0,0
5400,10,1,10,19,female,1,0
5400,11,1,5,19,female,1,0
5400,12,2,80,19,female,0,1
5400,13,1,20,19,female,1,0
5400,14,1,10,19,female,1,0
5400,15,1,40,19,female,1,0
5400,16,1,2,19,female,0,0
5400,17,1,1,19,female,1,0
5400,18,1,2,19,female,1,0
5400,19,1,1,19,female,0,0
5400,20,1,5,19,female,0,0
5400,21,1,80,19,female,1,0
5400,22,2,40,19,female,1,1
5400,23,1,10,19,female,1,0
5400,24,1,20,19,female,1,0
5400,25,1,5,19,female,0,0
5400,26,2,1,19,female,0,1
5400,27,1,40,19,female,1,0
5400,28,1,80,19,female,0,0
5400,29,1,2,19,female,0,0
5400,30,1,10,19,female,1,0
5400,31,2,5,19,female,1,1
5400,32,1,10,19,female,1,0
5400,33,1,80,19,female,0,0
5400,34,2,10,19,female,1,1
5400,35,1,20,19,female,0,0
5400,36,1,1,19,female,0,0
5400,37,1,2,19,female,1,0
5400,38,1,80,19,female,0,0
5400,39,2,80,19,female,1,1
5400,40,1,40,19,female,1,0
5400,41,1,40,19,female,1,0
5400,42,1,5,19,female,1,0
5400,43,1,40,19,female,0,0
5400,44,2,80,19,female,1,1
5400,45,1,2,19,female,1,0
5400,46,2,80,19,female,0,1
5400,47,1,5,19,female,0,0
5400,48,1,20,19,female,1,0
5400,49,2,5,19,female,0,1
5400,50,1,10,19,female,0,0
5400,51,2,40,19,female,0,1
5400,52,1,40,19,female,1,0
5400,53,2,1,19,female,1,1
5400,54,1,5,19,female,1,0
5400,55,1,20,19,female,1,0
5400,56,2,2,19,female,0,1
5400,57,1,1,19,female,1,0
5400,58,1,5,19,female,0,0
5400,59,1,20,19,female,0,0
5400,60,1,2,19,female,1,0
5400,61,1,1,19,female,1,0
5400,62,1,20,19,female,0,0
5400,63,1,20,19,female,1,0
5400,64,1,5,19,female,1,0
5400,65,1,10,19,female,1,0
5400,66,1,1,19,female,1,0
5400,67,1,40,19,female,0,0
5400,68,1,2,19,female,0,0
5400,69,1,10,19,female,1,0
5400,70,2,1,19,female,1,1
5400,71,1,2,19,female,1,0
5400,72,1,2,19,female,0,0
5400,73,1,20,19,female,0,0
5400,74,1,20,19,female,0,0
5400,75,1,1,19,female,0,0
5593,6,1,20,18,female,0,0
5593,7,2,10,18,female,0,1
5593,8,2,40,18,female,1,1
5593,9,2,5,18,female,1,1
5593,10,2,10,18,female,0,1
5593,11,2,5,18,female,1,1
5593,12,2,5,18,female,1,1
5593,13,2,10,18,female,0,1
5593,14,2,20,18,female,0,1
5593,15,2,80,18,female,0,1
5593,16,2,80,18,female,1,1
5593,17,2,20,18,female,0,1
5593,18,2,80,18,female,0,1
5593,19,2,40,18,female,1,1
5593,20,2,2,18,female,1,1
5593,21,1,10,18,female,0,0
5593,22,1,1,18,female,1,0
5593,23,2,20,18,female,0,1
5593,24,2,10,18,female,0,1
5593,25,2,20,18,female,0,1
5593,26,2,80,18,female,0,1
5593,27,2,80,18,female,0,1
5593,28,2,10,18,female,0,1
5593,29,2,2,18,female,1,1
5593,30,2,1,18,female,0,1
5593,31,2,2,18,female,1,1
5593,32,2,40,18,female,1,1
5593,33,2,5,18,female,1,1
5593,34,2,5,18,female,1,1
5593,35,2,40,18,female,1,1
5593,36,2,1,18,female,0,1
5593,37,2,1,18,female,1,1
5593,38,2,5,18,female,0,1
5593,39,2,1,18,female,0,1
5593,40,2,40,18,female,1,1
5593,41,2,5,18,female,1,1
5593,42,2,2,18,female,1,1
5593,43,2,20,18,female,0,1
5593,44,2,2,18,female,0,1
5593,45,2,1,18,female,1,1
5593,46,2,1,18,female,1,1
5593,47,2,1,18,female,1,1
5593,48,2,80,18,female,0,1
5593,49,2,80,18,female,1,1
5593,50,2,5,18,female,0,1
5593,51,2,10,18,female,0,1
5593,52,2,40,18,female,0,1
5593,53,2,5,18,female,1,1
5593,54,2,5,18,female,0,1
5593,55,2,40,18,female,0,1
5593,56,2,40,18,female,0,1
5593,57,2,80,18,female,1,1
5593,58,2,2,18,female,1,1
5593,59,2,20,18,female,0,1
5593,60,2,20,18,female,1,1
5593,61,2,10,18,female,1,1
5593,62,2,80,18,female,1,1
5593,63,2,2,18,female,0,1
5593,64,2,1,18,female,1,1
5593,65,2,80,18,female,1,1
5593,66,2,2,18,female,1,1
5593,67,2,10,18,female,0,1
5593,68,2,40,18,female,0,1
5593,69,1,1,18,female,0,0
5593,70,1,10,18,female,0,0
5593,71,1,2,18,female,1,0
5593,72,2,20,18,female,0,1
5593,73,2,20,18,female,1,1
5593,74,2,40,18,female,1,1
5593,75,2,2,18,female,0,1
5636,6,1,20,19,female,0,0
5636,7,2,80,19,female,0,1
5636,8,2,80,19,female,0,1
5636,9,2,10,19,female,1,1
5636,10,2,80,19,female,1,1
5636,11,1,40,19,female,0,0
5636,12,2,20,19,female,0,1
5636,13,2,40,19,female,0,1
5636,14,2,10,19,female,0,1
5636,15,1,2,19,female,1,0
5636,16,2,1,19,female,0,1
5636,17,2,80,19,female,1,1
5636,18,2,20,19,female,0,1
5636,19,2,40,19,female,1,1
5636,20,2,5,19,female,1,1
5636,21,2,80,19,female,1,1
5636,22,1,1,19,female,1,0
5636,23,2,40,19,female,1,1
5636,24,2,5,19,female,0,1
5636,25,2,1,19,female,1,1
5636,26,1,80,19,female,0,0
5636,27,2,2,19,female,0,1
5636,28,2,20,19,female,1,1
5636,29,2,10,19,female,1,1
5636,30,2,5,19,female,0,1
5636,31,2,10,19,female,1,1
5636,32,2,40,19,female,0,1
5636,33,2,1,19,female,1,1
5636,34,1,80,19,female,1,0
5636,35,2,10,19,female,0,1
5636,36,1,20,19,female,1,0
5636,37,2,2,19,female,1,1
5636,38,2,5,19,female,1,1
5636,39,1,5,19,female,1,0
5636,40,2,2,19,female,0,1
5636,41,2,2,19,female,1,1
5636,42,2,20,19,female,0,1
5636,43,2,10,19,female,0,1
5636,44,2,5,19,female,0,1
5636,45,2,10,19,female,0,1
5636,46,2,1,19,female,0,1
5636,47,1,20,19,female,1,0
5636,48,2,2,19,female,1,1
5636,49,2,40,19,female,0,1
5636,50,2,80,19,female,1,1
5636,51,2,40,19,female,1,1
5636,52,2,10,19,female,0,1
5636,53,2,2,19,female,0,1
5636,54,2,5,19,female,1,1
5636,55,2,80,19,female,1,1
5636,56,2,40,19,female,0,1
5636,57,2,20,19,female,1,1
5636,58,2,5,19,female,0,1
5636,59,2,80,19,female,0,1
5636,60,2,1,19,female,1,1
5636,61,2,2,19,female,0,1
5636,62,2,2,19,female,1,1
5636,63,2,40,19,female,1,1
5636,64,2,10,19,female,1,1
5636,65,2,2,19,female,0,1
5636,66,2,20,19,female,0,1
5636,67,2,1,19,female,0,1
5636,68,1,20,19,female,1,0
5636,69,2,40,19,female,1,1
5636,70,2,10,19,female,0,1
5636,71,2,5,19,female,1,1
5636,72,2,1,19,female,0,1
5636,73,2,1,19,female,0,1
5636,74,2,1,19,female,1,1
5636,75,2,5,19,female,1,1
5720,6,1,2,19,female,1,0
5720,7,2,80,19,female,0,1
5720,8,2,10,19,female,0,1
5720,9,2,80,19,female,0,1
5720,10,2,1,19,female,1,1
5720,11,2,10,19,female,1,1
5720,12,2,10,19,female,0,1
5720,13,2,2,19,female,1,1
5720,14,2,1,19,female,0,1
5720,15,2,5,19,female,0,1
5720,16,2,2,19,female,1,1
5720,17,2,10,19,female,1,1
5720,18,2,2,19,female,0,1
5720,19,2,40,19,female,1,1
5720,20,2,80,19,female,0,1
5720,21,2,80,19,female,0,1
5720,22,2,20,19,female,0,1
5720,23,2,5,19,female,0,1
5720,24,2,10,19,female,1,1
5720,25,2,80,19,female,0,1
5720,26,2,40,19,female,0,1
5720,27,2,40,19,female,0,1
5720,28,2,40,19,female,1,1
5720,29,2,5,19,female,1,1
5720,30,2,1,19,female,1,1
5720,31,2,20,19,female,1,1
5720,32,2,5,19,female,0,1
5720,33,2,5,19,female,1,1
5720,34,2,80,19,female,1,1
5720,35,2,40,19,female,0,1
5720,36,2,1,19,female,0,1
5720,37,2,40,19,female,1,1
5720,38,2,20,19,female,1,1
5720,39,2,40,19,female,0,1
5720,40,2,10,19,female,0,1
5720,41,2,10,19,female,1,1
5720,42,2,2,19,female,1,1
5720,43,2,1,19,female,0,1
5720,44,2,20,19,female,1,1
5720,45,1,5,19,female,1,0
5720,46,2,2,19,female,1,1
5720,47,2,40,19,female,0,1
5720,48,2,5,19,female,0,1
5720,49,2,5,19,female,1,1
5720,50,2,1,19,female,0,1
5720,51,2,1,19,female,1,1
5720,52,2,40,19,female,1,1
5720,53,2,2,19,female,1,1
5720,54,2,10,19,female,0,1
5720,55,2,10,19,female,1,1
5720,56,2,40,19,female,0,1
5720,57,2,2,19,female,0,1
5720,58,2,20,19,female,0,1
5720,59,2,1,19,female,1,1
5720,60,2,5,19,female,1,1
5720,61,2,2,19,female,0,1
5720,62,2,2,19,female,1,1
5720,63,2,1,19,female,0,1
5720,64,2,20,19,female,1,1
5720,65,2,80,19,female,1,1
5720,66,2,80,19,female,1,1
5720,67,2,20,19,female,0,1
5720,68,2,5,19,female,0,1
5720,69,2,10,19,female,1,1
5720,70,2,80,19,female,0,1
5720,71,2,20,19,female,1,1
5720,72,2,20,19,female,0,1
5720,73,2,1,19,female,1,1
5720,74,2,20,19,female,0,1
5720,75,2,80,19,female,1,1
5784,6,2,1,19,male,0,1
5784,7,2,1,19,male,1,1
5784,8,2,1,19,male,1,1
5784,9,2,80,19,male,1,1
5784,10,2,80,19,male,1,1
5784,11,1,1,19,male,1,0
5784,12,1,80,19,male,1,0
5784,13,1,1,19,male,1,0
5784,14,1,2,19,male,1,0
5784,15,1,10,19,male,0,0
5784,16,2,10,19,male,0,1
5784,17,1,10,19,male,1,0
5784,18,1,1,19,male,0,0
5784,19,1,2,19,male,1,0
5784,20,2,40,19,male,1,1
5784,21,1,5,19,male,0,0
5784,22,2,40,19,male,0,1
5784,23,2,40,19,male,0,1
5784,24,2,80,19,male,0,1
5784,25,2,80,19,male,0,1
5784,26,2,40,19,male,0,1
5784,27,1,10,19,male,1,0
5784,28,2,20,19,male,0,1
5784,29,2,20,19,male,0,1
5784,30,2,80,19,male,0,1
5784,31,2,40,19,male,1,1
5784,32,1,1,19,male,1,0
5784,33,1,10,19,male,0,0
5784,34,1,10,19,male,0,0
5784,35,1,2,19,male,0,0
5784,36,1,80,19,male,0,0
5784,37,2,80,19,male,0,1
5784,38,2,2,19,male,0,1
5784,39,2,10,19,male,0,1
5784,40,1,20,19,male,1,0
5784,41,2,5,19,male,1,1
5784,42,2,40,19,male,1,1
5784,43,1,20,19,male,0,0
5784,44,2,80,19,male,1,1
5784,45,1,2,19,male,1,0
5784,46,1,2,19,male,0,0
5784,47,2,20,19,male,1,1
5784,48,2,20,19,male,0,1
5784,49,2,20,19,male,1,1
5784,50,1,20,19,male,0,0
5784,51,1,5,19,male,0,0
5784,52,2,10,19,male,1,1
5784,53,2,5,19,male,1,1
5784,54,2,40,19,male,1,1
5784,55,2,2,19,male,0,1
5784,56,2,5,19,male,0,1
5784,57,2,20,19,male,1,1
5784,58,1,1,19,male,1,0
5784,59,2,1,19,male,1,1
5784,60,2,80,19,male,0,1
5784,61,1,10,19,male,1,0
5784,62,1,2,19,male,0,0
5784,63,1,5,19,male,1,0
5784,64,2,5,19,male,0,1
5784,65,2,5,19,male,0,1
5784,66,1,40,19,male,0,0
5784,67,1,40,19,male,0,0
5784,68,2,2,19,male,1,1
5784,69,2,10,19,male,0,1
5784,70,2,40,19,male,1,1
5784,71,2,20,19,male,0,1
5784,72,2,5,19,male,0,1
5784,73,1,5,19,male,1,0
5784,74,1,1,19,male,0,0
5784,75,2,2,19,male,0,1
5868,6,2,80,20,female,1,1
5868,7,1,5,20,female,0,0
5868,8,2,1,20,female,0,1
5868,9,2,40,20,female,0,1
5868,10,2,1,20,female,1,1
5868,11,2,10,20,female,0,1
5868,12,2,80,20,female,1,1
5868,13,2,20,20,female,1,1
5868,14,2,1,20,female,0,1
5868,15,2,10,20,female,0,1
5868,16,2,40,20,female,0,1
5868,17,2,2,20,female,1,1
5868,18,2,5,20,female,1,1
5868,19,2,10,20,female,1,1
5868,20,2,40,20,female,0,1
5868,21,2,80,20,female,0,1
5868,22,2,1,20,female,0,1
5868,23,2,40,20,female,1,1
5868,24,2,5,20,female,1,1
5868,25,2,80,20,female,0,1
5868,26,2,2,20,female,0,1
5868,27,2,10,20,female,1,1
5868,28,2,40,20,female,0,1
5868,29,2,2,20,female,0,1
5868,30,2,5,20,female,1,1
5868,31,2,20,20,female,1,1
5868,32,2,10,20,female,0,1
5868,33,2,40,20,female,1,1
5868,34,2,2,20,female,0,1
5868,35,2,20,20,female,0,1
5868,36,2,10,20,female,1,1
5868,37,2,1,20,female,1,1
5868,38,2,80,20,female,0,1
5868,39,2,20,20,female,1,1
5868,40,2,80,20,female,0,1
5868,41,2,40,20,female,1,1
5868,42,2,1,20,female,1,1
5868,43,1,10,20,female,1,0
5868,44,2,80,20,female,1,1
5868,45,2,2,20,female,1,1
5868,46,2,80,20,female,1,1
5868,47,2,40,20,female,0,1
5868,48,2,2,20,female,0,1
5868,49,2,20,20,female,1,1
5868,50,2,2,20,female,1,1
5868,51,2,5,20,female,0,1
5868,52,2,5,20,female,0,1
5868,53,2,80,20,female,1,1
5868,54,2,2,20,female,0,1
5868,55,2,20,20,female,1,1
5868,56,2,2,20,female,1,1
5868,57,2,10,20,female,1,1
5868,58,1,5,20,female,0,0
5868,59,2,20,20,female,1,1
5868,60,2,20,20,female,0,1
5868,61,2,5,20,female,0,1
5868,62,2,1,20,female,1,1
5868,63,2,20,20,female,0,1
5868,64,2,40,20,female,1,1
5868,65,2,10,20,female,0,1
5868,66,2,40,20,female,1,1
5868,67,2,10,20,female,0,1
5868,68,2,1,20,female,0,1
5868,69,2,1,20,female,0,1
5868,70,2,5,20,female,0,1
5868,71,2,2,20,female,1,1
5868,72,2,5,20,female,0,1
5868,73,2,80,20,female,0,1
5868,74,2,1,20,female,0,1
5868,75,2,20,20,female,1,1
5873,6,2,20,19,male,0,1
5873,7,2,2,19,male,0,1
5873,8,1,5,19,male,0,0
5873,9,2,5,19,male,1,1
5873,10,2,10,19,male,0,1
5873,11,1,40,19,male,0,0
5873,12,1,2,19,male,1,0
5873,13,2,1,19,male,1,1
5873,14,1,20,19,male,0,0
5873,15,2,2,19,male,0,1
5873,16,1,40,19,male,0,0
5873,17,1,10,19,male,0,0
5873,18,2,5,19,male,1,1
5873,19,1,80,19,male,0,0
5873,20,2,5,19,male,1,1
5873,21,2,2,19,male,1,1
5873,22,2,40,19,male,0,1
5873,23,1,1,19,male,0,0
5873,24,2,1,19,male,1,1
5873,25,2,80,19,male,1,1
5873,26,2,80,19,male,1,1
5873,27,2,80,19,male,0,1
5873,28,2,2,19,male,0,1
5873,29,2,20,19,male,0,1
5873,30,1,1,19,male,1,0
5873,31,1,1,19,male,0,0
5873,32,2,1,19,male,0,1
5873,33,2,80,19,male,1,1
5873,34,1,2,19,male,1,0
5873,35,2,20,19,male,0,1
5873,36,1,10,19,male,1,0
5873,37,2,80,19,male,0,1
5873,38,2,20,19,male,1,1
5873,39,2,10,19,male,0,1
5873,40,2,80,19,male,0,1
5873,41,1,5,19,male,1,0
5873,42,2,40,19,male,1,1
5873,43,1,1,19,male,0,0
5873,44,1,10,19,male,0,0
5873,45,2,80,19,male,0,1
5873,46,1,10,19,male,1,0
5873,47,2,40,19,male,0,1
5873,48,1,1,19,male,1,0
5873,49,1,5,19,male,0,0
5873,50,2,40,19,male,1,1
5873,51,2,20,19,male,0,1
5873,52,2,40,19,male,1,1
5873,53,1,2,19,male,0,0
5873,54,1,10,19,male,1,0
5873,55,2,20,19,male,0,1
5873,56,1,2,19,male,1,0
5873,57,1,5,19,male,0,0
5873,58,2,20,19,male,0,1
5873,59,2,10,19,male,1,1
5873,60,1,5,19,male,0,0
5873,61,2,40,19,male,1,1
5873,62,2,10,19,male,0,1
5873,63,1,5,19,male,1,0
5873,64,2,20,19,male,1,1
5873,65,2,5,19,male,1,1
5873,66,2,40,19,male,0,1
5873,67,1,2,19,male,0,0
5873,68,1,1,19,male,1,0
5873,69,1,10,19,male,1,0
5873,70,2,80,19,male,0,1
5873,71,2,40,19,male,0,1
5873,72,1,1,19,male,0,0
5873,73,2,20,19,male,1,1
5873,74,2,2,19,male,1,1
5873,75,2,80,19,male,0,1
5904,6,2,20,19,female,1,1
5904,7,1,40,19,female,1,0
5904,8,2,2,19,female,0,1
5904,9,2,2,19,female,1,1
5904,10,2,5,19,female,0,1
5904,11,1,40,19,female,0,0
5904,12,2,1,19,female,1,1
5904,13,2,2,19,female,0,1
5904,14,1,40,19,female,1,0
5904,15,1,80,19,female,1,0
5904,16,2,10,19,female,0,1
5904,17,1,80,19,female,1,0
5904,18,2,40,19,female,1,1
5904,19,1,20,19,female,0,0
5904,20,1,20,19,female,0,0
5904,21,1,40,19,female,1,0
5904,22,2,2,19,female,1,1
5904,23,1,40,19,female,0,0
5904,24,1,20,19,female,1,0
5904,25,1,80,19,female,1,0
5904,26,2,5,19,female,0,1
5904,27,2,10,19,female,1,1
5904,28,2,10,19,female,0,1
5904,29,2,1,19,female,0,1
5904,30,1,20,19,female,1,0
5904,31,2,2,19,female,0,1
5904,32,1,20,19,female,1,0
5904,33,2,1,19,female,0,1
5904,34,2,1,19,female,1,1
5904,35,2,1,19,female,0,1
5904,36,2,5,19,female,0,1
5904,37,1,40,19,female,0,0
5904,38,2,5,19,female,1,1
5904,39,1,80,19,female,1,0
5904,40,2,2,19,female,1,1
5904,41,2,5,19,female,0,1
5904,42,1,80,19,female,1,0
5904,43,2,1,19,female,0,1
5904,44,2,1,19,female,1,1
5904,45,2,10,19,female,1,1
5904,46,1,20,19,female,0,0
5904,47,2,2,19,female,1,1
5904,48,2,1,19,female,0,1
5904,49,2,10,19,female,1,1
5904,50,2,1,19,female,1,1
5904,51,1,20,19,female,1,0
5904,52,1,80,19,female,0,0
5904,53,1,20,19,female,1,0
5904,54,2,5,19,female,1,1
5904,55,2,10,19,female,0,1
5904,56,2,5,19,female,0,1
5904,57,1,80,19,female,0,0
5904,58,1,80,19,female,1,0
5904,59,2,10,19,female,1,1
5904,60,2,1,19,female,1,1
5904,61,2,5,19,female,1,1
5904,62,2,10,19,female,1,1
5904,63,2,5,19,female,1,1
5904,64,1,40,19,female,1,0
5904,65,2,2,19,female,1,1
5904,66,2,2,19,female,0,1
5904,67,2,5,19,female,0,1
5904,68,1,80,19,female,0,0
5904,69,1,40,19,female,1,0
5904,70,1,80,19,female,1,0
5904,71,2,10,19,female,0,1
5904,72,1,40,19,female,0,0
5904,73,2,2,19,female,1,1
5904,74,2,10,19,female,0,1
5904,75,1,20,19,female,1,0
5908,6,2,2,29,female,1,1
5908,7,2,5,29,female,1,1
5908,8,1,2,29,female,0,0
5908,9,1,10,29,female,0,0
5908,10,2,1,29,female,0,1
5908,11,1,20,29,female,1,0
5908,12,1,2,29,female,1,0
5908,13,2,20,29,female,1,1
5908,14,2,20,29,female,0,1
5908,15,2,80,29,female,1,1
5908,16,1,40,29,female,0,0
5908,17,1,10,29,female,0,0
5908,18,2,80,29,female,0,1
5908,19,1,10,29,female,1,0
5908,20,2,80,29,female,1,1
5908,21,1,2,29,female,0,0
5908,22,1,80,29,female,1,0
5908,23,1,20,29,female,0,0
5908,24,2,10,29,female,1,1
5908,25,2,5,29,female,1,1
5908,26,1,2,29,female,1,0
5908,27,1,10,29,female,0,0
5908,28,2,80,29,female,0,1
5908,29,2,5,29,female,1,1
5908,30,1,1,29,female,0,0
5908,31,1,1,29,female,0,0
5908,32,1,5,29,female,0,0
5908,33,1,10,29,female,1,0
5908,34,1,1,29,female,1,0
5908,35,2,80,29,female,0,1
5908,36,1,10,29,female,0,0
5908,37,1,5,29,female,1,0
5908,38,1,2,29,female,0,0
5908,39,1,2,29,female,1,0
5908,40,2,20,29,female,1,1
5908,41,1,20,29,female,0,0
5908,42,1,1,29,female,0,0
5908,43,1,10,29,female,0,0
5908,44,1,80,29,female,1,0
5908,45,1,1,29,female,0,0
5908,46,1,5,29,female,0,0
5908,47,1,1,29,female,1,0
5908,48,2,40,29,female,0,1
5908,49,1,2,29,female,1,0
5908,50,2,80,29,female,1,1
5908,51,1,80,29,female,1,0
5908,52,1,1,29,female,0,0
5908,53,1,10,29,female,1,0
5908,54,1,80,29,female,0,0
5908,55,1,1,29,female,1,0
5908,56,2,40,29,female,0,1
5908,57,2,10,29,female,1,1
5908,58,2,20,29,female,1,1
5908,59,2,40,29,female,1,1
5908,60,2,20,29,female,0,1
5908,61,2,40,29,female,1,1
5908,62,2,40,29,female,0,1
5908,63,1,5,29,female,0,0
5908,64,1,5,29,female,0,0
5908,65,2,5,29,female,0,1
5908,66,2,20,29,female,1,1
5908,67,2,20,29,female,1,1
5908,68,2,40,29,female,0,1
5908,69,2,40,29,female,1,1
5908,70,2,40,29,female,1,1
5908,71,2,1,29,female,1,1
5908,72,2,5,29,female,0,1
5908,73,2,2,29,female,1,1
5908,74,2,2,29,female,1,1
5908,75,2,40,29,female,0,1
5918,6,2,5,18,female,1,1
5918,7,2,5,18,female,0,1
5918,8,2,80,18,female,0,1
5918,9,2,5,18,female,0,1
5918,10,2,10,18,female,1,1
5918,11,2,10,18,female,1,1
5918,12,2,80,18,female,0,1
5918,13,1,5,18,female,1,0
5918,14,1,1,18,female,1,0
5918,15,2,2,18,female,0,1
5918,16,2,5,18,female,0,1
5918,17,2,10,18,female,1,1
5918,18,2,40,18,female,1,1
5918,19,1,1,18,female,1,0
5918,20,2,5,18,female,0,1
5918,21,1,2,18,female,1,0
5918,22,1,2,18,female,0,0
5918,23,2,20,18,female,1,1
5918,24,2,80,18,female,1,1
5918,25,1,2,18,female,1,0
5918,26,2,2,18,female,0,1
5918,27,2,80,18,female,1,1
5918,28,2,20,18,female,0,1
5918,29,2,40,18,female,1,1
5918,30,2,20,18,female,1,1
5918,31,2,80,18,female,1,1
5918,32,2,80,18,female,1,1
5918,33,2,20,18,female,1,1
5918,34,2,80,18,female,0,1
5918,35,1,10,18,female,0,0
5918,36,1,2,18,female,1,0
5918,37,2,40,18,female,0,1
5918,38,2,20,18,female,0,1
5918,39,2,20,18,female,0,1
5918,40,2,20,18,female,1,1
5918,41,2,80,18,female,0,1
5918,42,2,10,18,female,1,1
5918,43,1,1,18,female,1,0
5918,44,2,40,18,female,1,1
5918,45,2,80,18,female,1,1
5918,46,1,10,18,female,1,0
5918,47,1,2,18,female,1,0
5918,48,2,5,18,female,1,1
5918,49,2,80,18,female,1,1
5918,50,2,10,18,female,0,1
5918,51,1,1,18,female,1,0
5918,52,2,5,18,female,1,1
5918,53,2,40,18,female,1,1
5918,54,1,1,18,female,1,0
5918,55,2,10,18,female,0,1
5918,56,2,10,18,female,1,1
5918,57,1,2,18,female,0,0
5918,58,1,1,18,female,0,0
5918,59,1,1,18,female,1,0
5918,60,2,40,18,female,0,1
5918,61,2,40,18,female,1,1
5918,62,2,20,18,female,1,1
5918,63,2,1,18,female,0,1
5918,64,1,2,18,female,1,0
5918,65,2,40,18,female,1,1
5918,66,1,5,18,female,0,0
5918,67,1,1,18,female,1,0
5918,68,1,20,18,female,0,0
5918,69,1,1,18,female,1,0
5918,70,2,20,18,female,1,1
5918,71,2,5,18,female,0,1
5918,72,2,2,18,female,1,1
5918,73,2,40,18,female,1,1
5918,74,2,40,18,female,0,1
5918,75,2,10,18,female,1,1
6053,6,1,5,19,male,0,0
6053,7,1,5,19,male,1,0
6053,8,1,40,19,male,1,0
6053,9,2,80,19,male,1,1
6053,10,2,10,19,male,1,1
6053,11,2,2,19,male,0,1
6053,12,2,2,19,male,1,1
6053,13,2,1,19,male,0,1
6053,14,2,10,19,male,0,1
6053,15,2,2,19,male,0,1
6053,16,2,2,19,male,0,1
6053,17,2,1,19,male,1,1
6053,18,1,20,19,male,1,0
6053,19,1,10,19,male,1,0
6053,20,1,80,19,male,1,0
6053,21,2,5,19,male,1,1
6053,22,1,20,19,male,1,0
6053,23,2,1,19,male,1,1
6053,24,1,40,19,male,1,0
6053,25,1,40,19,male,1,0
6053,26,1,80,19,male,1,0
6053,27,1,20,19,male,1,0
6053,28,1,20,19,male,1,0
6053,29,1,40,19,male,0,0
6053,30,2,5,19,male,1,1
6053,31,2,80,19,male,1,1
6053,32,2,10,19,male,1,1
6053,33,1,40,19,male,1,0
6053,34,2,5,19,male,1,1
6053,35,2,1,19,male,0,1
6053,36,1,80,19,male,1,0
6053,37,2,5,19,male,0,1
6053,38,2,10,19,male,0,1
6053,39,1,40,19,male,0,0
6053,40,2,10,19,male,1,1
6053,41,2,2,19,male,0,1
6053,42,2,1,19,male,0,1
6053,43,2,1,19,male,1,1
6053,44,1,20,19,male,1,0
6053,45,2,5,19,male,1,1
6053,46,1,40,19,male,1,0
6053,47,1,20,19,male,1,0
6053,48,2,1,19,male,0,1
6053,49,2,40,19,male,0,1
6053,50,1,80,19,male,1,0
6053,51,1,20,19,male,1,0
6053,52,2,2,19,male,1,1
6053,53,2,10,19,male,1,1
6053,54,1,20,19,male,1,0
6053,55,2,10,19,male,0,1
6053,56,1,80,19,male,0,0
6053,57,2,5,19,male,1,1
6053,58,1,40,19,male,0,0
6053,59,2,5,19,male,0,1
6053,60,2,1,19,male,0,1
6053,61,1,80,19,male,0,0
6053,62,2,1,19,male,0,1
6053,63,2,2,19,male,1,1
6053,64,2,2,19,male,1,1
6053,65,2,5,19,male,0,1
6053,66,2,1,19,male,0,1
6053,67,1,20,19,male,0,0
6053,68,2,2,19,male,1,1
6053,69,2,40,19,male,0,1
6053,70,2,2,19,male,1,1
6053,71,1,80,19,male,0,0
6053,72,1,80,19,male,0,0
6053,73,2,20,19,male,0,1
6053,74,2,10,19,male,0,1
6053,75,2,10,19,male,1,1
6276,6,1,40,18,female,1,0
6276,7,2,10,18,female,0,1
6276,8,2,20,18,female,0,1
6276,9,2,2,18,female,0,1
6276,10,2,1,18,female,1,1
6276,11,1,80,18,female,0,0
6276,12,2,20,18,female,1,1
6276,13,2,80,18,female,0,1
6276,14,2,80,18,female,0,1
6276,15,2,20,18,female,0,1
6276,16,2,2,18,female,1,1
6276,17,1,2,18,female,0,0
6276,18,2,5,18,female,0,1
6276,19,1,2,18,female,0,0
6276,20,1,1,18,female,1,0
6276,21,2,20,18,female,0,1
6276,22,2,40,18,female,0,1
6276,23,2,10,18,female,1,1
6276,24,2,80,18,female,0,1
6276,25,2,10,18,female,0,1
6276,26,2,80,18,female,1,1
6276,27,2,20,18,female,1,1
6276,28,2,80,18,female,1,1
6276,29,2,5,18,female,1,1
6276,30,1,1,18,female,0,0
6276,31,1,5,18,female,0,0
6276,32,2,80,18,female,0,1
6276,33,2,10,18,female,0,1
6276,34,2,40,18,female,1,1
6276,35,1,1,18,female,0,0
6276,36,1,2,18,female,1,0
6276,37,2,20,18,female,1,1
6276,38,1,5,18,female,0,0
6276,39,2,80,18,female,1,1
6276,40,2,80,18,female,0,1
6276,41,2,10,18,female,0,1
6276,42,1,5,18,female,0,0
6276,43,1,2,18,female,0,0
6276,44,1,5,18,female,1,0
6276,45,1,1,18,female,0,0
6276,46,1,1,18,female,1,0
6276,47,1,2,18,female,1,0
6276,48,1,1,18,female,1,0
6276,49,2,40,18,female,0,1
6276,50,1,5,18,female,1,0
6276,51,2,2,18,female,1,1
6276,52,2,20,18,female,0,1
6276,53,1,2,18,female,1,0
6276,54,2,1,18,female,0,1
6276,55,2,10,18,female,0,1
6276,56,2,5,18,female,1,1
6276,57,2,40,18,female,1,1
6276,58,1,5,18,female,0,0
6276,59,2,40,18,female,0,1
6276,60,2,20,18,female,0,1
6276,61,1,1,18,female,1,0
6276,62,1,2,18,female,1,0
6276,63,2,80,18,female,1,1
6276,64,2,5,18,female,1,1
6276,65,2,20,18,female,0,1
6276,66,2,40,18,female,0,1
6276,67,2,10,18,female,0,1
6276,68,2,20,18,female,0,1
6276,69,2,10,18,female,0,1
6276,70,2,40,18,female,1,1
6276,71,2,10,18,female,1,1
6276,72,2,10,18,female,1,1
6276,73,2,40,18,female,0,1
6276,74,1,1,18,female,1,0
6276,75,2,40,18,female,0,1
6317,6,2,80,19,female,0,1
6317,7,1,1,19,female,1,0
6317,8,2,10,19,female,0,1
6317,9,1,5,19,female,0,0
6317,10,1,2,19,female,0,0
6317,11,2,80,19,female,1,1
6317,12,1,2,19,female,1,0
6317,13,1,5,19,female,1,0
6317,14,1,1,19,female,1,0
6317,15,2,10,19,female,0,1
6317,16,2,40,19,female,1,1
6317,17,1,2,19,female,1,0
6317,18,2,40,19,female,0,1
6317,19,2,80,19,female,1,1
6317,20,1,2,19,female,1,0
6317,21,1,5,19,female,0,0
6317,22,2,10,19,female,1,1
6317,23,2,10,19,female,1,1
6317,24,1,5,19,female,1,0
6317,25,2,40,19,female,0,1
6317,26,1,1,19,female,1,0
6317,27,2,20,19,female,1,1
6317,28,1,2,19,female,0,0
6317,29,2,20,19,female,0,1
6317,30,2,10,19,female,1,1
6317,31,2,20,19,female,1,1
6317,32,2,80,19,female,1,1
6317,33,2,10,19,female,1,1
6317,34,1,2,19,female,1,0
6317,35,1,80,19,female,1,0
6317,36,1,5,19,female,1,0
6317,37,2,40,19,female,0,1
6317,38,2,40,19,female,0,1
6317,39,1,2,19,female,1,0
6317,40,2,20,19,female,0,1
6317,41,2,5,19,female,1,1
6317,42,2,20,19,female,0,1
6317,43,2,80,19,female,1,1
6317,44,1,2,19,female,0,0
6317,45,2,10,19,female,0,1
6317,46,2,40,19,female,1,1
6317,47,1,1,19,female,0,0
6317,48,1,5,19,female,1,0
6317,49,2,80,19,female,0,1
6317,50,2,20,19,female,0,1
6317,51,2,40,19,female,1,1
6317,52,2,20,19,female,1,1
6317,53,1,5,19,female,0,0
6317,54,2,40,19,female,1,1
6317,55,1,2,19,female,0,0
6317,56,2,80,19,female,0,1
6317,57,2,20,19,female,0,1
6317,58,1,5,19,female,0,0
6317,59,1,2,19,female,1,0
6317,60,1,1,19,female,1,0
6317,61,1,1,19,female,0,0
6317,62,1,1,19,female,1,0
6317,63,2,10,19,female,1,1
6317,64,2,10,19,female,0,1
6317,65,1,5,19,female,1,0
6317,66,1,1,19,female,1,0
6317,67,2,10,19,female,1,1
6317,68,2,80,19,female,1,1
6317,69,2,40,19,female,1,1
6317,70,2,20,19,female,0,1
6317,71,1,1,19,female,1,0
6317,72,1,1,19,female,1,0
6317,73,2,20,19,female,0,1
6317,74,2,40,19,female,0,1
6317,75,2,80,19,female,0,1
6347,6,2,20,18,female,1,1
6347,7,2,80,18,female,1,1
6347,8,2,40,18,female,1,1
6347,9,1,2,18,female,1,0
6347,10,2,80,18,female,0,1
6347,11,2,1,18,female,1,1
6347,12,2,40,18,female,1,1
6347,13,2,20,18,female,1,1
6347,14,2,5,18,female,1,1
6347,15,2,1,18,female,0,1
6347,16,2,10,18,female,0,1
6347,17,2,2,18,female,1,1
6347,18,2,20,18,female,0,1
6347,19,2,40,18,female,1,1
6347,20,2,40,18,female,1,1
6347,21,2,20,18,female,1,1
6347,22,2,5,18,female,0,1
6347,23,2,80,18,female,1,1
6347,24,2,10,18,female,1,1
6347,25,2,10,18,female,1,1
6347,26,2,20,18,female,1,1
6347,27,2,2,18,female,1,1
6347,28,2,1,18,female,0,1
6347,29,2,80,18,female,1,1
6347,30,2,20,18,female,0,1
6347,31,2,40,18,female,1,1
6347,32,2,5,18,female,0,1
6347,33,2,5,18,female,0,1
6347,34,2,40,18,female,0,1
6347,35,2,2,18,female,1,1
6347,36,2,2,18,female,1,1
6347,37,2,2,18,female,1,1
6347,38,2,5,18,female,0,1
6347,39,2,10,18,female,0,1
6347,40,2,40,18,female,0,1
6347,41,2,80,18,female,0,1
6347,42,2,1,18,female,1,1
6347,43,2,80,18,female,1,1
6347,44,2,20,18,female,1,1
6347,45,2,2,18,female,0,1
6347,46,2,1,18,female,0,1
6347,47,2,40,18,female,0,1
6347,48,2,20,18,female,0,1
6347,49,2,5,18,female,1,1
6347,50,2,2,18,female,1,1
6347,51,2,1,18,female,0,1
6347,52,2,5,18,female,1,1
6347,53,2,2,18,female,0,1
6347,54,2,20,18,female,0,1
6347,55,2,10,18,female,0,1
6347,56,2,10,18,female,0,1
6347,57,2,1,18,female,0,1
6347,58,2,10,18,female,1,1
6347,59,2,5,18,female,0,1
6347,60,2,10,18,female,0,1
6347,61,2,80,18,female,1,1
6347,62,2,1,18,female,0,1
6347,63,2,80,18,female,0,1
6347,64,2,10,18,female,0,1
6347,65,2,1,18,female,1,1
6347,66,2,1,18,female,1,1
6347,67,2,40,18,female,0,1
6347,68,2,40,18,female,0,1
6347,69,2,80,18,female,0,1
6347,70,2,20,18,female,1,1
6347,71,2,10,18,female,0,1
6347,72,2,2,18,female,1,1
6347,73,2,5,18,female,1,1
6347,74,2,80,18,female,1,1
6347,75,2,5,18,female,0,1
6529,6,2,40,19,male,1,1
6529,7,2,40,19,male,1,1
6529,8,1,80,19,male,1,0
6529,9,2,5,19,male,1,1
6529,10,2,80,19,male,1,1
6529,11,2,5,19,male,0,1
6529,12,2,10,19,male,0,1
6529,13,2,80,19,male,0,1
6529,14,2,10,19,male,1,1
6529,15,2,20,19,male,1,1
6529,16,2,5,19,male,1,1
6529,17,2,5,19,male,1,1
6529,18,2,10,19,male,1,1
6529,19,2,1,19,male,1,1
6529,20,1,40,19,male,0,0
6529,21,2,20,19,male,0,1
6529,22,2,1,19,male,1,1
6529,23,2,1,19,male,1,1
6529,24,2,2,19,male,0,1
6529,25,2,5,19,male,0,1
6529,26,2,40,19,male,0,1
6529,27,2,10,19,male,0,1
6529,28,2,2,19,male,1,1
6529,29,2,20,19,male,0,1
6529,30,2,10,19,male,1,1
6529,31,1,2,19,male,1,0
6529,32,2,1,19,male,1,1
6529,33,2,80,19,male,0,1
6529,34,2,20,19,male,1,1
6529,35,2,2,19,male,0,1
6529,36,2,20,19,male,0,1
6529,37,2,2,19,male,0,1
6529,38,2,80,19,male,1,1
6529,39,2,80,19,male,1,1
6529,40,2,10,19,male,0,1
6529,41,2,5,19,male,0,1
6529,42,2,5,19,male,1,1
6529,43,2,5,19,male,0,1
6529,44,2,5,19,male,0,1
6529,45,2,40,19,male,0,1
6529,46,2,40,19,male,1,1
6529,47,2,10,19,male,1,1
6529,48,2,40,19,male,1,1
6529,49,2,2,19,male,1,1
6529,50,2,40,19,male,1,1
6529,51,2,2,19,male,0,1
6529,52,2,1,19,male,1,1
6529,53,2,40,19,male,1,1
6529,54,2,1,19,male,0,1
6529,55,2,5,19,male,1,1
6529,56,2,20,19,male,1,1
6529,57,2,1,19,male,1,1
6529,58,2,10,19,male,1,1
6529,59,2,20,19,male,1,1
6529,60,2,2,19,male,0,1
6529,61,2,1,19,male,1,1
6529,62,2,80,19,male,1,1
6529,63,2,2,19,male,1,1
6529,64,2,20,19,male,0,1
6529,65,2,10,19,male,0,1
6529,66,1,80,19,male,0,0
6529,67,2,1,19,male,1,1
6529,68,2,20,19,male,0,1
6529,69,2,80,19,male,1,1
6529,70,2,1,19,male,0,1
6529,71,1,40,19,male,0,0
6529,72,2,2,19,male,1,1
6529,73,2,20,19,male,1,1
6529,74,2,10,19,male,0,1
6529,75,2,80,19,male,0,1
6570,6,2,5,19,female,0,1
6570,7,1,1,19,female,0,0
6570,8,2,1,19,female,0,1
6570,9,1,20,19,female,1,0
6570,10,1,80,19,female,1,0
6570,11,2,40,19,female,0,1
6570,12,2,80,19,female,0,1
6570,13,1,5,19,female,0,0
6570,14,1,20,19,female,0,0
6570,15,2,80,19,female,1,1
6570,16,1,2,19,female,0,0
6570,17,1,2,19,female,0,0
6570,18,1,5,19,female,0,0
6570,19,2,20,19,female,1,1
6570,20,1,40,19,female,0,0
6570,21,1,5,19,female,1,0
6570,22,2,40,19,female,0,1
6570,23,1,2,19,female,0,0
6570,24,1,5,19,female,0,0
6570,25,2,2,19,female,1,1
6570,26,2,40,19,female,0,1
6570,27,2,80,19,female,1,1
6570,28,1,10,19,female,0,0
6570,29,1,80,19,female,1,0
6570,30,2,1,19,female,0,1
6570,31,1,5,19,female,1,0
6570,32,1,40,19,female,0,0
6570,33,1,20,19,female,1,0
6570,34,1,1,19,female,1,0
6570,35,2,80,19,female,1,1
6570,36,2,20,19,female,0,1
6570,37,2,20,19,female,0,1
6570,38,2,1,19,female,0,1
6570,39,1,2,19,female,0,0
6570,40,1,1,19,female,0,0
6570,41,1,10,19,female,1,0
6570,42,1,20,19,female,1,0
6570,43,2,40,19,female,0,1
6570,44,2,10,19,female,0,1
6570,45,1,20,19,female,0,0
6570,46,1,40,19,female,1,0
6570,47,2,2,19,female,1,1
6570,48,1,1,19,female,0,0
6570,49,2,5,19,female,0,1
6570,50,2,2,19,female,0,1
6570,51,2,1,19,female,0,1
6570,52,1,10,19,female,0,0
6570,53,1,1,19,female,0,0
6570,54,1,20,19,female,1,0
6570,55,2,10,19,female,0,1
6570,56,2,80,19,female,0,1
6570,57,1,5,19,female,1,0
6570,58,1,5,19,female,0,0
6570,59,2,80,19,female,1,1
6570,60,2,10,19,female,0,1
6570,61,1,10,19,female,0,0
6570,62,1,2,19,female,1,0
6570,63,2,40,19,female,0,1
6570,64,1,1,19,female,1,0
6570,65,1,5,19,female,0,0
6570,66,2,10,19,female,1,1
6570,67,2,40,19,female,0,1
6570,68,1,2,19,female,1,0
6570,69,2,80,19,female,0,1
6570,70,1,10,19,female,0,0
6570,71,1,40,19,female,0,0
6570,72,1,10,19,female,1,0
6570,73,1,2,19,female,1,0
6570,74,2,20,19,female,0,1
6570,75,2,80,19,female,1,1
7133,6,2,5,18,female,1,1
7133,7,1,80,18,female,1,0
7133,8,2,2,18,female,1,1
7133,9,1,40,18,female,1,0
7133,10,2,5,18,female,1,1
7133,11,2,2,18,female,0,1
7133,12,1,10,18,female,0,0
7133,13,2,5,18,female,0,1
7133,14,2,40,18,female,1,1
7133,15,2,1,18,female,1,1
7133,16,1,1,18,female,1,0
7133,17,2,80,18,female,1,1
7133,18,2,2,18,female,1,1
7133,19,1,5,18,female,1,0
7133,20,2,2,18,female,0,1
7133,21,1,20,18,female,0,0
7133,22,1,1,18,female,1,0
7133,23,2,80,18,female,1,1
7133,24,1,10,18,female,0,0
7133,25,2,10,18,female,0,1
7133,26,2,5,18,female,0,1
7133,27,2,20,18,female,0,1
7133,28,2,80,18,female,1,1
7133,29,2,2,18,female,0,1
7133,30,2,1,18,female,1,1
7133,31,1,10,18,female,1,0
7133,32,2,2,18,female,1,1
7133,33,2,20,18,female,0,1
7133,34,2,40,18,female,1,1
7133,35,2,80,18,female,0,1
7133,36,2,5,18,female,0,1
7133,37,2,5,18,female,0,1
7133,38,2,5,18,female,1,1
7133,39,2,40,18,female,1,1
7133,40,2,40,18,female,0,1
7133,41,2,20,18,female,0,1
7133,42,1,2,18,female,1,0
7133,43,2,40,18,female,0,1
7133,44,2,40,18,female,0,1
7133,45,2,10,18,female,0,1
7133,46,2,20,18,female,1,1
7133,47,2,40,18,female,1,1
7133,48,1,2,18,female,1,0
7133,49,1,1,18,female,1,0
7133,50,2,80,18,female,1,1
7133,51,2,1,18,female,0,1
7133,52,2,20,18,female,1,1
7133,53,2,1,18,female,1,1
7133,54,2,1,18,female,0,1
7133,55,2,2,18,female,1,1
7133,56,2,10,18,female,1,1
7133,57,2,10,18,female,1,1
7133,58,2,40,18,female,1,1
7133,59,2,80,18,female,1,1
7133,60,2,80,18,female,0,1
7133,61,2,20,18,female,1,1
7133,62,2,5,18,female,1,1
7133,63,2,20,18,female,1,1
7133,64,2,80,18,female,0,1
7133,65,1,10,18,female,0,0
7133,66,2,20,18,female,0,1
7133,67,2,20,18,female,1,1
7133,68,2,10,18,female,0,1
7133,69,1,2,18,female,1,0
7133,70,2,5,18,female,0,1
7133,71,2,1,18,female,0,1
7133,72,2,1,18,female,1,1
7133,73,2,10,18,female,1,1
7133,74,2,80,18,female,0,1
7133,75,2,40,18,female,0,1
7761,6,1,1,18,female,1,0
7761,7,2,40,18,female,0,1
7761,8,1,2,18,female,0,0
7761,9,1,40,18,female,0,0
7761,10,1,40,18,female,1,0
7761,11,2,20,18,female,0,1
7761,12,2,20,18,female,1,1
7761,13,2,20,18,female,1,1
7761,14,1,5,18,female,0,0
7761,15,2,10,18,female,0,1
7761,16,2,80,18,female,0,1
7761,17,2,2,18,female,1,1
7761,18,1,2,18,female,1,0
7761,19,1,40,18,female,1,0
7761,20,1,20,18,female,0,0
7761,21,2,1,18,female,0,1
7761,22,1,5,18,female,0,0
7761,23,2,80,18,female,1,1
7761,24,1,1,18,female,1,0
7761,25,2,5,18,female,0,1
7761,26,2,40,18,female,0,1
7761,27,1,5,18,female,1,0
7761,28,2,10,18,female,0,1
7761,29,1,10,18,female,0,0
7761,30,1,2,18,female,1,0
7761,31,1,2,18,female,1,0
7761,32,2,80,18,female,0,1
7761,33,1,20,18,female,1,0
7761,34,2,40,18,female,0,1
7761,35,1,10,18,female,0,0
7761,36,2,40,18,female,1,1
7761,37,2,2,18,female,1,1
7761,38,1,10,18,female,0,0
7761,39,2,80,18,female,1,1
7761,40,2,2,18,female,0,1
7761,41,1,20,18,female,1,0
7761,42,2,2,18,female,1,1
7761,43,1,1,18,female,1,0
7761,44,2,20,18,female,1,1
7761,45,1,10,18,female,1,0
7761,46,2,1,18,female,1,1
7761,47,1,5,18,female,0,0
7761,48,2,5,18,female,0,1
7761,49,2,1,18,female,1,1
7761,50,2,80,18,female,1,1
7761,51,1,5,18,female,0,0
7761,52,2,80,18,female,0,1
7761,53,2,10,18,female,1,1
7761,54,2,80,18,female,0,1
7761,55,1,80,18,female,1,0
7761,56,2,10,18,female,1,1
7761,57,2,40,18,female,1,1
7761,58,2,1,18,female,0,1
7761,59,2,5,18,female,1,1
7761,60,1,5,18,female,0,0
7761,61,1,5,18,female,0,0
7761,62,2,40,18,female,1,1
7761,63,2,20,18,female,0,1
7761,64,2,20,18,female,1,1
7761,65,1,1,18,female,0,0
7761,66,2,10,18,female,1,1
7761,67,2,10,18,female,0,1
7761,68,2,40,18,female,0,1
7761,69,2,80,18,female,0,1
7761,70,2,1,18,female,0,1
7761,71,2,80,18,female,1,1
7761,72,2,1,18,female,0,1
7761,73,2,20,18,female,0,1
7761,74,1,2,18,female,0,0
7761,75,2,2,18,female,1,1
7950,6,2,40,19,female,0,1
7950,7,1,5,19,female,0,0
7950,8,2,20,19,female,0,1
7950,9,2,80,19,female,1,1
7950,10,1,1,19,female,1,0
7950,11,1,1,19,female,1,0
7950,12,2,10,19,female,1,1
7950,13,1,1,19,female,0,0
7950,14,2,40,19,female,1,1
7950,15,1,1,19,female,1,0
7950,16,1,20,19,female,0,0
7950,17,2,40,19,female,0,1
7950,18,1,40,19,female,1,0
7950,19,2,40,19,female,1,1
7950,20,2,20,19,female,1,1
7950,21,1,20,19,female,0,0
7950,22,2,2,19,female,1,1
7950,23,2,20,19,female,0,1
7950,24,2,10,19,female,1,1
7950,25,2,80,19,female,1,1
7950,26,1,5,19,female,1,0
7950,27,1,1,19,female,1,0
7950,28,1,1,19,female,0,0
7950,29,2,2,19,female,1,1
7950,30,2,40,19,female,0,1
7950,31,2,80,19,female,0,1
7950,32,2,80,19,female,1,1
7950,33,2,40,19,female,0,1
7950,34,1,2,19,female,0,0
7950,35,1,2,19,female,0,0
7950,36,2,20,19,female,1,1
7950,37,1,2,19,female,0,0
7950,38,2,40,19,female,0,1
7950,39,1,1,19,female,1,0
7950,40,2,5,19,female,1,1
7950,41,2,10,19,female,0,1
7950,42,1,1,19,female,1,0
7950,43,2,80,19,female,1,1
7950,44,1,20,19,female,1,0
7950,45,2,80,19,female,1,1
7950,46,2,40,19,female,1,1
7950,47,1,10,19,female,0,0
7950,48,2,20,19,female,1,1
7950,49,1,5,19,female,0,0
7950,50,2,10,19,female,1,1
7950,51,2,20,19,female,0,1
7950,52,2,10,19,female,0,1
7950,53,2,80,19,female,0,1
7950,54,2,20,19,female,0,1
7950,55,1,2,19,female,1,0
7950,56,1,5,19,female,0,0
7950,57,2,10,19,female,1,1
7950,58,1,1,19,female,0,0
7950,59,1,2,19,female,0,0
7950,60,1,2,19,female,0,0
7950,61,1,2,19,female,1,0
7950,62,2,80,19,female,0,1
7950,63,2,80,19,female,0,1
7950,64,2,80,19,female,1,1
7950,65,1,1,19,female,0,0
7950,66,2,5,19,female,1,1
7950,67,2,10,19,female,0,1
7950,68,2,10,19,female,0,1
7950,69,1,5,19,female,1,0
7950,70,2,10,19,female,1,1
7950,71,1,5,19,female,1,0
7950,72,2,2,19,female,0,1
7950,73,2,40,19,female,0,1
7950,74,1,5,19,female,1,0
7950,75,1,5,19,female,0,0
7994,6,2,20,27,female,1,1
7994,7,1,40,27,female,0,0
7994,8,1,5,27,female,1,0
7994,9,1,10,27,female,0,0
7994,10,1,80,27,female,1,0
7994,11,1,2,27,female,1,0
7994,12,2,40,27,female,0,1
7994,13,1,2,27,female,0,0
7994,14,1,20,27,female,0,0
7994,15,1,40,27,female,1,0
7994,16,1,20,27,female,0,0
7994,17,1,20,27,female,0,0
7994,18,2,40,27,female,1,1
7994,19,1,5,27,female,0,0
7994,20,1,80,27,female,0,0
7994,21,2,10,27,female,0,1
7994,22,2,20,27,female,0,1
7994,23,1,5,27,female,1,0
7994,24,2,1,27,female,0,1
7994,25,1,10,27,female,1,0
7994,26,2,80,27,female,1,1
7994,27,1,5,27,female,1,0
7994,28,2,1,27,female,1,1
7994,29,1,1,27,female,0,0
7994,30,1,1,27,female,1,0
7994,31,1,2,27,female,0,0
7994,32,1,2,27,female,1,0
7994,33,2,40,27,female,1,1
7994,34,2,80,27,female,1,1
7994,35,1,1,27,female,0,0
7994,36,1,2,27,female,1,0
7994,37,2,80,27,female,1,1
7994,38,1,1,27,female,0,0
7994,39,1,20,27,female,1,0
7994,40,1,5,27,female,1,0
7994,41,1,1,27,female,0,0
7994,42,2,80,27,female,1,1
7994,43,1,2,27,female,1,0
7994,44,1,2,27,female,0,0
7994,45,1,1,27,female,0,0
7994,46,2,40,27,female,1,1
7994,47,2,10,27,female,1,1
7994,48,1,2,27,female,1,0
7994,49,1,1,27,female,0,0
7994,50,2,20,27,female,1,1
7994,51,2,80,27,female,0,1
7994,52,1,2,27,female,1,0
7994,53,1,10,27,female,0,0
7994,54,1,10,27,female,0,0
7994,55,1,10,27,female,1,0
7994,56,2,40,27,female,1,1
7994,57,2,1,27,female,0,1
7994,58,1,10,27,female,1,0
7994,59,2,40,27,female,1,1
7994,60,2,80,27,female,1,1
7994,61,2,20,27,female,0,1
7994,62,2,5,27,female,0,1
7994,63,2,10,27,female,1,1
7994,64,2,40,27,female,1,1
7994,65,2,80,27,female,1,1
7994,66,1,10,27,female,0,0
7994,67,1,5,27,female,0,0
7994,68,2,40,27,female,0,1
7994,69,2,20,27,female,0,1
7994,70,1,5,27,female,1,0
7994,71,2,80,27,female,1,1
7994,72,2,20,27,female,1,1
7994,73,1,5,27,female,1,0
7994,74,1,5,27,female,0,0
7994,75,1,2,27,female,0,0
8222,6,1,5,19,female,0,0
8222,7,1,10,19,female,1,0
8222,8,1,2,19,female,0,0
8222,9,2,20,19,female,1,1
8222,10,1,20,19,female,0,0
8222,11,1,2,19,female,1,0
8222,12,2,80,19,female,0,1
8222,13,1,2,19,female,0,0
8222,14,1,80,19,female,0,0
8222,15,2,1,19,female,1,1
8222,16,2,1,19,female,1,1
8222,17,1,80,19,female,1,0
8222,18,2,20,19,female,0,1
8222,19,1,20,19,female,0,0
8222,20,2,5,19,female,0,1
8222,21,1,80,19,female,1,0
8222,22,2,5,19,female,1,1
8222,23,1,20,19,female,1,0
8222,24,2,5,19,female,1,1
8222,25,1,40,19,female,1,0
8222,26,1,80,19,female,0,0
8222,27,2,40,19,female,1,1
8222,28,2,10,19,female,1,1
8222,29,1,10,19,female,0,0
8222,30,1,40,19,female,0,0
8222,31,2,5,19,female,0,1
8222,32,1,10,19,female,1,0
8222,33,2,20,19,female,1,1
8222,34,1,20,19,female,0,0
8222,35,2,1,19,female,0,1
8222,36,2,1,19,female,0,1
8222,37,1,80,19,female,0,0
8222,38,2,20,19,female,0,1
8222,39,1,20,19,female,0,0
8222,40,2,1,19,female,1,1
8222,41,1,10,19,female,1,0
8222,42,1,10,19,female,1,0
8222,43,2,40,19,female,0,1
8222,44,2,2,19,female,0,1
8222,45,1,10,19,female,0,0
8222,46,2,1,19,female,1,1
8222,47,2,5,19,female,1,1
8222,48,1,40,19,female,1,0
8222,49,2,2,19,female,1,1
8222,50,1,20,19,female,0,0
8222,51,2,80,19,female,0,1
8222,52,2,2,19,female,1,1
8222,53,2,5,19,female,0,1
8222,54,2,2,19,female,0,1
8222,55,2,5,19,female,1,1
8222,56,1,10,19,female,0,0
8222,57,2,1,19,female,0,1
8222,58,1,80,19,female,1,0
8222,59,1,40,19,female,0,0
8222,60,2,1,19,female,1,1
8222,61,1,40,19,female,0,0
8222,62,1,80,19,female,1,0
8222,63,2,2,19,female,0,1
8222,64,2,1,19,female,0,1
8222,65,1,10,19,female,0,0
8222,66,1,80,19,female,0,0
8222,67,1,40,19,female,0,0
8222,68,2,10,19,female,0,1
8222,69,2,1,19,female,0,1
8222,70,2,5,19,female,0,1
8222,71,2,2,19,female,0,1
8222,72,1,40,19,female,0,0
8222,73,2,2,19,female,0,1
8222,74,2,5,19,female,1,1
8222,75,1,40,19,female,1,0
8301,6,2,10,19,female,0,1
8301,7,2,80,19,female,1,1
8301,8,1,5,19,female,1,0
8301,9,2,2,19,female,1,1
8301,10,2,20,19,female,1,1
8301,11,1,1,19,female,1,0
8301,12,2,1,19,female,0,1
8301,13,2,5,19,female,1,1
8301,14,2,80,19,female,0,1
8301,15,2,80,19,female,0,1
8301,16,2,5,19,female,0,1
8301,17,2,2,19,female,1,1
8301,18,1,10,19,female,0,0
8301,19,2,80,19,female,1,1
8301,20,2,40,19,female,0,1
8301,21,2,20,19,female,0,1
8301,22,2,40,19,female,1,1
8301,23,2,80,19,female,0,1
8301,24,2,10,19,female,0,1
8301,25,1,1,19,female,0,0
8301,26,2,1,19,female,0,1
8301,27,2,2,19,female,1,1
8301,28,2,10,19,female,1,1
8301,29,2,40,19,female,0,1
8301,30,2,20,19,female,1,1
8301,31,2,10,19,female,1,1
8301,32,2,10,19,female,0,1
8301,33,2,2,19,female,0,1
8301,34,2,40,19,female,1,1
8301,35,2,5,19,female,0,1
8301,36,2,5,19,female,0,1
8301,37,2,80,19,female,0,1
8301,38,2,1,19,female,0,1
8301,39,2,20,19,female,0,1
8301,40,2,5,19,female,1,1
8301,41,2,2,19,female,1,1
8301,42,1,2,19,female,0,0
8301,43,2,1,19,female,0,1
8301,44,2,20,19,female,0,1
8301,45,2,10,19,female,0,1
8301,46,2,1,19,female,1,1
8301,47,2,5,19,female,0,1
8301,48,2,40,19,female,0,1
8301,49,2,5,19,female,0,1
8301,50,2,10,19,female,0,1
8301,51,2,80,19,female,1,1
8301,52,2,20,19,female,1,1
8301,53,2,80,19,female,0,1
8301,54,2,2,19,female,1,1
8301,55,2,40,19,female,1,1
8301,56,2,80,19,female,1,1
8301,57,2,5,19,female,1,1
8301,58,1,40,19,female,0,0
8301,59,2,40,19,female,0,1
8301,60,2,2,19,female,1,1
8301,61,2,20,19,female,0,1
8301,62,2,10,19,female,1,1
8301,63,2,2,19,female,0,1
8301,64,2,2,19,female,1,1
8301,65,2,10,19,female,1,1
8301,66,2,20,19,female,0,1
8301,67,2,5,19,female,0,1
8301,68,2,40,19,female,0,1
8301,69,2,1,19,female,0,1
8301,70,2,1,19,female,0,1
8301,71,2,20,19,female,1,1
8301,72,2,20,19,female,1,1
8301,73,2,1,19,female,0,1
8301,74,2,80,19,female,1,1
8301,75,2,40,19,female,0,1
8323,6,2,80,23,female,1,1
8323,7,2,20,23,female,0,1
8323,8,1,5,23,female,0,0
8323,9,1,10,23,female,0,0
8323,10,2,80,23,female,0,1
8323,11,2,40,23,female,0,1
8323,12,1,1,23,female,0,0
8323,13,1,10,23,female,0,0
8323,14,1,1,23,female,1,0
8323,15,1,10,23,female,1,0
8323,16,2,80,23,female,0,1
8323,17,1,10,23,female,1,0
8323,18,2,80,23,female,1,1
8323,19,1,2,23,female,1,0
8323,20,1,2,23,female,1,0
8323,21,2,40,23,female,1,1
8323,22,1,2,23,female,0,0
8323,23,2,2,23,female,1,1
8323,24,2,2,23,female,0,1
8323,25,1,1,23,female,1,0
8323,26,2,20,23,female,0,1
8323,27,2,20,23,female,0,1
8323,28,2,80,23,female,0,1
8323,29,2,20,23,female,0,1
8323,30,2,40,23,female,0,1
8323,31,2,5,23,female,1,1
8323,32,2,20,23,female,1,1
8323,33,2,20,23,female,0,1
8323,34,2,10,23,female,0,1
8323,35,2,40,23,female,1,1
8323,36,2,5,23,female,0,1
8323,37,2,10,23,female,1,1
8323,38,2,40,23,female,0,1
8323,39,1,1,23,female,1,0
8323,40,2,10,23,female,1,1
8323,41,2,40,23,female,0,1
8323,42,2,5,23,female,0,1
8323,43,2,2,23,female,1,1
8323,44,1,1,23,female,1,0
8323,45,2,10,23,female,0,1
8323,46,2,2,23,female,1,1
8323,47,2,5,23,female,1,1
8323,48,2,2,23,female,1,1
8323,49,2,20,23,female,1,1
8323,50,2,80,23,female,0,1
8323,51,2,5,23,female,0,1
8323,52,2,40,23,female,0,1
8323,53,2,5,23,female,1,1
8323,54,2,1,23,female,0,1
8323,55,2,1,23,female,1,1
8323,56,2,40,23,female,1,1
8323,57,2,40,23,female,0,1
8323,58,2,1,23,female,0,1
8323,59,2,80,23,female,0,1
8323,60,2,80,23,female,1,1
8323,61,2,40,23,female,1,1
8323,62,2,1,23,female,1,1
8323,63,2,20,23,female,1,1
8323,64,2,2,23,female,1,1
8323,65,2,5,23,female,1,1
8323,66,2,5,23,female,1,1
8323,67,2,20,23,female,0,1
8323,68,2,20,23,female,0,1
8323,69,2,10,23,female,0,1
8323,70,2,5,23,female,1,1
8323,71,2,2,23,female,0,1
8323,72,2,1,23,female,0,1
8323,73,2,10,23,female,0,1
8323,74,2,80,23,female,1,1
8323,75,2,80,23,female,1,1
8537,6,2,5,19,female,0,1
8537,7,1,2,19,female,0,0
8537,8,2,80,19,female,0,1
8537,9,2,20,19,female,0,1
8537,10,2,5,19,female,0,1
8537,11,1,10,19,female,1,0
8537,12,2,1,19,female,1,1
8537,13,1,40,19,female,1,0
8537,14,2,1,19,female,0,1
8537,15,2,5,19,female,1,1
8537,16,1,5,19,female,1,0
8537,17,1,2,19,female,0,0
8537,18,2,40,19,female,0,1
8537,19,1,2,19,female,1,0
8537,20,1,20,19,female,1,0
8537,21,2,1,19,female,1,1
8537,22,2,1,19,female,1,1
8537,23,2,5,19,female,0,1
8537,24,2,1,19,female,1,1
8537,25,1,80,19,female,1,0
8537,26,2,20,19,female,1,1
8537,27,2,5,19,female,1,1
8537,28,2,2,19,female,0,1
8537,29,1,1,19,female,1,0
8537,30,2,5,19,female,0,1
8537,31,2,10,19,female,0,1
8537,32,2,20,19,female,1,1
8537,33,2,20,19,female,0,1
8537,34,1,1,19,female,1,0
8537,35,2,10,19,female,0,1
8537,36,2,40,19,female,1,1
8537,37,2,80,19,female,1,1
8537,38,1,10,19,female,0,0
8537,39,1,2,19,female,0,0
8537,40,2,10,19,female,1,1
8537,41,2,80,19,female,0,1
8537,42,1,10,19,female,0,0
8537,43,2,40,19,female,1,1
8537,44,2,80,19,female,1,1
8537,45,1,20,19,female,0,0
8537,46,2,80,19,female,1,1
8537,47,1,10,19,female,1,0
8537,48,1,1,19,female,1,0
8537,49,2,1,19,female,1,1
8537,50,1,2,19,female,0,0
8537,51,2,40,19,female,0,1
8537,52,1,10,19,female,1,0
8537,53,2,20,19,female,1,1
8537,54,1,40,19,female,1,0
8537,55,2,10,19,female,0,1
8537,56,2,80,19,female,0,1
8537,57,1,2,19,female,1,0
8537,58,1,5,19,female,0,0
8537,59,1,5,19,female,0,0
8537,60,2,40,19,female,0,1
8537,61,1,40,19,female,1,0
8537,62,2,20,19,female,1,1
8537,63,2,20,19,female,1,1
8537,64,1,40,19,female,0,0
8537,65,1,10,19,female,1,0
8537,66,1,20,19,female,1,0
8537,67,2,80,19,female,0,1
8537,68,1,2,19,female,1,0
8537,69,2,5,19,female,1,1
8537,70,2,2,19,female,1,1
8537,71,2,40,19,female,0,1
8537,72,1,2,19,female,1,0
8537,73,2,80,19,female,1,1
8537,74,1,1,19,female,1,0
8537,75,2,80,19,female,1,1
8596,6,2,80,20,male,0,1
8596,7,2,5,20,male,1,1
8596,8,2,1,20,male,1,1
8596,9,2,20,20,male,0,1
8596,10,1,1,20,male,1,0
8596,11,1,2,20,male,1,0
8596,12,2,5,20,male,0,1
8596,13,1,1,20,male,1,0
8596,14,2,5,20,male,1,1
8596,15,2,10,20,male,1,1
8596,16,1,20,20,male,0,0
8596,17,1,2,20,male,1,0
8596,18,2,40,20,male,1,1
8596,19,2,1,20,male,0,1
8596,20,1,1,20,male,0,0
8596,21,1,80,20,male,1,0
8596,22,1,80,20,male,1,0
8596,23,2,10,20,male,1,1
8596,24,1,40,20,male,1,0
8596,25,2,40,20,male,0,1
8596,26,2,10,20,male,0,1
8596,27,2,20,20,male,1,1
8596,28,2,2,20,male,0,1
8596,29,1,5,20,male,0,0
8596,30,2,40,20,male,1,1
8596,31,2,40,20,male,1,1
8596,32,1,2,20,male,1,0
8596,33,1,20,20,male,0,0
8596,34,1,80,20,male,1,0
8596,35,1,80,20,male,0,0
8596,36,1,5,20,male,0,0
8596,37,1,80,20,male,1,0
8596,38,2,2,20,male,0,1
8596,39,2,20,20,male,1,1
8596,40,2,1,20,male,1,1
8596,41,1,10,20,male,1,0
8596,42,1,5,20,male,1,0
8596,43,1,10,20,male,0,0
8596,44,2,10,20,male,1,1
8596,45,2,5,20,male,1,1
8596,46,2,80,20,male,0,1
8596,47,2,10,20,male,0,1
8596,48,1,10,20,male,1,0
8596,49,1,20,20,male,0,0
8596,50,2,10,20,male,0,1
8596,51,1,2,20,male,0,0
8596,52,2,2,20,male,1,1
8596,53,1,1,20,male,1,0
8596,54,2,80,20,male,1,1
8596,55,1,20,20,male,1,0
8596,56,1,80,20,male,0,0
8596,57,2,40,20,male,1,1
8596,58,1,40,20,male,0,0
8596,59,2,2,20,male,0,1
8596,60,2,5,20,male,1,1
8596,61,2,20,20,male,1,1
8596,62,2,40,20,male,0,1
8596,63,1,1,20,male,1,0
8596,64,1,2,20,male,1,0
8596,65,2,5,20,male,1,1
8596,66,1,40,20,male,1,0
8596,67,1,20,20,male,0,0
8596,68,2,2,20,male,0,1
8596,69,2,10,20,male,1,1
8596,70,1,80,20,male,1,0
8596,71,2,1,20,male,1,1
8596,72,1,40,20,male,0,0
8596,73,2,1,20,male,0,1
8596,74,2,5,20,male,0,1
8596,75,1,20,20,male,0,0
8654,6,2,10,18,male,1,1
8654,7,1,40,18,male,0,0
8654,8,1,10,18,male,1,0
8654,9,1,40,18,male,1,0
8654,10,1,5,18,male,1,0
8654,11,2,1,18,male,0,1
8654,12,1,10,18,male,0,0
8654,13,2,80,18,male,1,1
8654,14,2,2,18,male,0,1
8654,15,1,20,18,male,1,0
8654,16,1,10,18,male,0,0
8654,17,1,1,18,male,0,0
8654,18,1,80,18,male,1,0
8654,19,1,2,18,male,1,0
8654,20,2,80,18,male,0,1
8654,21,1,2,18,male,0,0
8654,22,2,40,18,male,0,1
8654,23,2,80,18,male,1,1
8654,24,1,1,18,male,1,0
8654,25,1,80,18,male,1,0
8654,26,2,80,18,male,1,1
8654,27,1,20,18,male,0,0
8654,28,1,40,18,male,0,0
8654,29,1,2,18,male,1,0
8654,30,1,1,18,male,0,0
8654,31,1,20,18,male,0,0
8654,32,2,20,18,male,0,1
8654,33,1,40,18,male,1,0
8654,34,2,5,18,male,1,1
8654,35,1,5,18,male,0,0
8654,36,2,5,18,male,0,1
8654,37,1,1,18,male,0,0
8654,38,2,80,18,male,1,1
8654,39,1,40,18,male,1,0
8654,40,1,20,18,male,1,0
8654,41,1,10,18,male,0,0
8654,42,2,10,18,male,0,1
8654,43,2,40,18,male,0,1
8654,44,2,20,18,male,1,1
8654,45,1,1,18,male,1,0
8654,46,1,10,18,male,0,0
8654,47,1,5,18,male,1,0
8654,48,1,1,18,male,0,0
8654,49,1,10,18,male,1,0
8654,50,1,20,18,male,0,0
8654,51,1,1,18,male,0,0
8654,52,1,40,18,male,0,0
8654,53,2,20,18,male,1,1
8654,54,1,1,18,male,1,0
8654,55,2,5,18,male,1,1
8654,56,1,5,18,male,1,0
8654,57,1,1,18,male,0,0
8654,58,1,5,18,male,1,0
8654,59,1,2,18,male,0,0
8654,60,2,80,18,male,0,1
8654,61,2,10,18,male,0,1
8654,62,2,40,18,male,0,1
8654,63,2,80,18,male,1,1
8654,64,1,2,18,male,1,0
8654,65,1,2,18,male,0,0
8654,66,2,20,18,male,0,1
8654,67,1,80,18,male,0,0
8654,68,1,5,18,male,0,0
8654,69,2,2,18,male,1,1
8654,70,1,5,18,male,0,0
8654,71,1,2,18,male,0,0
8654,72,1,2,18,male,1,0
8654,73,2,10,18,male,1,1
8654,74,2,40,18,male,0,1
8654,75,1,20,18,male,1,0
8964,6,1,40,20,female,1,0
8964,7,2,40,20,female,1,1
8964,8,2,1,20,female,1,1
8964,9,2,20,20,female,1,1
8964,10,1,10,20,female,1,0
8964,11,2,40,20,female,0,1
8964,12,2,20,20,female,0,1
8964,13,1,20,20,female,0,0
8964,14,1,10,20,female,0,0
8964,15,1,5,20,female,0,0
8964,16,2,20,20,female,1,1
8964,17,1,10,20,female,0,0
8964,18,2,10,20,female,1,1
8964,19,1,5,20,female,1,0
8964,20,2,5,20,female,1,1
8964,21,1,1,20,female,1,0
8964,22,1,80,20,female,1,0
8964,23,2,20,20,female,1,1
8964,24,2,80,20,female,0,1
8964,25,1,1,20,female,0,0
8964,26,1,10,20,female,0,0
8964,27,2,2,20,female,0,1
8964,28,2,1,20,female,1,1
8964,29,1,40,20,female,1,0
8964,30,2,1,20,female,1,1
8964,31,1,2,20,female,0,0
8964,32,2,80,20,female,1,1
8964,33,2,80,20,female,1,1
8964,34,2,40,20,female,0,1
8964,35,2,2,20,female,0,1
8964,36,2,80,20,female,1,1
8964,37,2,20,20,female,1,1
8964,38,2,40,20,female,0,1
8964,39,2,10,20,female,1,1
8964,40,2,2,20,female,1,1
8964,41,2,5,20,female,0,1
8964,42,2,10,20,female,0,1
8964,43,1,1,20,female,1,0
8964,44,2,40,20,female,0,1
8964,45,1,1,20,female,0,0
8964,46,1,2,20,female,0,0
8964,47,1,1,20,female,0,0
8964,48,2,10,20,female,1,1
8964,49,2,20,20,female,1,1
8964,50,2,80,20,female,1,1
8964,51,1,2,20,female,1,0
8964,52,2,20,20,female,0,1
8964,53,2,80,20,female,1,1
8964,54,1,2,20,female,0,0
8964,55,2,20,20,female,0,1
8964,56,1,5,20,female,1,0
8964,57,2,80,20,female,0,1
8964,58,2,40,20,female,0,1
8964,59,1,2,20,female,0,0
8964,60,2,80,20,female,0,1
8964,61,2,80,20,female,0,1
8964,62,1,5,20,female,0,0
8964,63,1,5,20,female,0,0
8964,64,1,1,20,female,1,0
8964,65,1,5,20,female,0,0
8964,66,1,2,20,female,1,0
8964,67,1,1,20,female,1,0
8964,68,2,40,20,female,1,1
8964,69,1,10,20,female,1,0
8964,70,1,5,20,female,1,0
8964,71,1,10,20,female,1,0
8964,72,2,20,20,female,0,1
8964,73,2,40,20,female,1,1
8964,74,1,2,20,female,0,0
8964,75,1,5,20,female,1,0
9073,6,2,10,18,male,1,1
9073,7,2,5,18,male,0,1
9073,8,2,80,18,male,1,1
9073,9,2,40,18,male,0,1
9073,10,1,20,18,male,1,0
9073,11,2,40,18,male,1,1
9073,12,2,40,18,male,0,1
9073,13,1,1,18,male,1,0
9073,14,2,20,18,male,1,1
9073,15,2,20,18,male,0,1
9073,16,2,2,18,male,1,1
9073,17,2,80,18,male,0,1
9073,18,2,2,18,male,1,1
9073,19,2,80,18,male,1,1
9073,20,2,1,18,male,0,1
9073,21,2,40,18,male,1,1
9073,22,2,10,18,male,0,1
9073,23,2,10,18,male,0,1
9073,24,2,1,18,male,1,1
9073,25,1,5,18,male,0,0
9073,26,2,40,18,male,0,1
9073,27,2,5,18,male,0,1
9073,28,2,5,18,male,0,1
9073,29,2,10,18,male,0,1
9073,30,2,40,18,male,1,1
9073,31,2,5,18,male,1,1
9073,32,2,1,18,male,0,1
9073,33,2,40,18,male,0,1
9073,34,2,20,18,male,0,1
9073,35,2,1,18,male,0,1
9073,36,2,10,18,male,0,1
9073,37,2,2,18,male,1,1
9073,38,2,2,18,male,0,1
9073,39,2,5,18,male,0,1
9073,40,2,80,18,male,0,1
9073,41,2,20,18,male,1,1
9073,42,2,20,18,male,0,1
9073,43,2,20,18,male,0,1
9073,44,2,1,18,male,0,1
9073,45,2,10,18,male,1,1
9073,46,2,80,18,male,1,1
9073,47,2,80,18,male,1,1
9073,48,2,20,18,male,0,1
9073,49,2,10,18,male,0,1
9073,50,2,1,18,male,0,1
9073,51,2,10,18,male,0,1
9073,52,2,2,18,male,0,1
9073,53,2,5,18,male,1,1
9073,54,2,80,18,male,1,1
9073,55,2,80,18,male,0,1
9073,56,2,40,18,male,1,1
9073,57,2,40,18,male,1,1
9073,58,2,2,18,male,1,1
9073,59,2,80,18,male,1,1
9073,60,2,10,18,male,1,1
9073,61,2,80,18,male,0,1
9073,62,2,5,18,male,0,1
9073,63,2,20,18,male,1,1
9073,64,2,5,18,male,1,1
9073,65,2,1,18,male,0,1
9073,66,2,2,18,male,0,1
9073,67,2,2,18,male,0,1
9073,68,2,1,18,male,0,1
9073,69,2,10,18,male,0,1
9073,70,2,5,18,male,1,1
9073,71,2,2,18,male,0,1
9073,72,2,40,18,male,0,1
9073,73,2,1,18,male,0,1
9073,74,2,20,18,male,0,1
9073,75,2,2,18,male,1,1
9167,6,2,80,18,female,1,1
9167,7,2,5,18,female,0,1
9167,8,1,20,18,female,1,0
9167,9,2,40,18,female,0,1
9167,10,2,80,18,female,1,1
9167,11,1,5,18,female,1,0
9167,12,2,10,18,female,0,1
9167,13,2,80,18,female,1,1
9167,14,2,10,18,female,1,1
9167,15,1,5,18,female,0,0
9167,16,1,2,18,female,1,0
9167,17,2,40,18,female,0,1
9167,18,1,1,18,female,1,0
9167,19,1,20,18,female,1,0
9167,20,1,1,18,female,0,0
9167,21,1,1,18,female,1,0
9167,22,1,10,18,female,0,0
9167,23,1,2,18,female,0,0
9167,24,1,10,18,female,1,0
9167,25,1,2,18,female,0,0
9167,26,2,80,18,female,0,1
9167,27,1,10,18,female,0,0
9167,28,1,1,18,female,0,0
9167,29,1,1,18,female,0,0
9167,30,1,20,18,female,1,0
9167,31,1,40,18,female,1,0
9167,32,1,1,18,female,0,0
9167,33,1,5,18,female,0,0
9167,34,1,20,18,female,0,0
9167,35,1,5,18,female,0,0
9167,36,2,80,18,female,0,1
9167,37,1,10,18,female,1,0
9167,38,1,10,18,female,0,0
9167,39,1,2,18,female,0,0
9167,40,1,20,18,female,0,0
9167,41,1,20,18,female,1,0
9167,42,1,10,18,female,0,0
9167,43,1,1,18,female,0,0
9167,44,1,2,18,female,0,0
9167,45,1,40,18,female,1,0
9167,46,1,10,18,female,1,0
9167,47,1,5,18,female,1,0
9167,48,2,40,18,female,0,1
9167,49,1,20,18,female,0,0
9167,50,1,20,18,female,0,0
9167,51,1,2,18,female,0,0
9167,52,1,1,18,female,0,0
9167,53,1,5,18,female,1,0
9167,54,1,2,18,female,1,0
9167,55,1,20,18,female,0,0
9167,56,2,2,18,female,1,1
9167,57,2,40,18,female,1,1
9167,58,2,80,18,female,1,1
9167,59,1,5,18,female,1,0
9167,60,1,1,18,female,1,0
9167,61,2,40,18,female,0,1
9167,62,1,1,18,female,0,0
9167,63,1,5,18,female,1,0
9167,64,2,80,18,female,1,1
9167,65,2,80,18,female,0,1
9167,66,1,5,18,female,0,0
9167,67,1,20,18,female,0,0
9167,68,2,80,18,female,0,1
9167,69,2,40,18,female,0,1
9167,70,2,40,18,female,1,1
9167,71,2,40,18,female,0,1
9167,72,2,80,18,female,0,1
9167,73,1,2,18,female,0,0
9167,74,2,2,18,female,0,1
9167,75,1,10,18,female,1,0
9483,6,2,1,18,female,1,1
9483,7,2,10,18,female,1,1
9483,8,2,2,18,female,1,1
9483,9,1,2,18,female,1,0
9483,10,2,20,18,female,1,1
9483,11,2,1,18,female,1,1
9483,12,2,10,18,female,1,1
9483,13,2,10,18,female,1,1
9483,14,2,10,18,female,0,1
9483,15,2,5,18,female,1,1
9483,16,1,1,18,female,0,0
9483,17,1,80,18,female,1,0
9483,18,2,40,18,female,0,1
9483,19,2,80,18,female,0,1
9483,20,1,2,18,female,0,0
9483,21,2,1,18,female,1,1
9483,22,1,5,18,female,1,0
9483,23,2,10,18,female,1,1
9483,24,2,40,18,female,0,1
9483,25,1,5,18,female,0,0
9483,26,1,10,18,female,1,0
9483,27,2,20,18,female,0,1
9483,28,2,40,18,female,0,1
9483,29,2,80,18,female,1,1
9483,30,1,1,18,female,0,0
9483,31,1,1,18,female,0,0
9483,32,1,5,18,female,0,0
9483,33,2,40,18,female,0,1
9483,34,2,20,18,female,1,1
9483,35,2,80,18,female,0,1
9483,36,2,40,18,female,1,1
9483,37,2,40,18,female,1,1
9483,38,1,1,18,female,1,0
9483,39,2,2,18,female,0,1
9483,40,2,5,18,female,0,1
9483,41,2,5,18,female,1,1
9483,42,2,2,18,female,0,1
9483,43,2,20,18,female,0,1
9483,44,2,10,18,female,0,1
9483,45,2,2,18,female,1,1
9483,46,2,80,18,female,0,1
9483,47,2,20,18,female,1,1
9483,48,2,1,18,female,0,1
9483,49,2,5,18,female,1,1
9483,50,2,5,18,female,0,1
9483,51,2,40,18,female,1,1
9483,52,2,20,18,female,1,1
9483,53,2,2,18,female,0,1
9483,54,2,5,18,female,0,1
9483,55,2,5,18,female,1,1
9483,56,2,10,18,female,1,1
9483,57,2,10,18,female,0,1
9483,58,2,80,18,female,1,1
9483,59,2,2,18,female,1,1
9483,60,2,80,18,female,0,1
9483,61,2,40,18,female,0,1
9483,62,2,10,18,female,0,1
9483,63,2,2,18,female,0,1
9483,64,2,2,18,female,1,1
9483,65,2,20,18,female,0,1
9483,66,2,20,18,female,0,1
9483,67,2,40,18,female,0,1
9483,68,2,20,18,female,1,1
9483,69,2,80,18,female,0,1
9483,70,2,1,18,female,1,1
9483,71,2,20,18,female,0,1
9483,72,1,1,18,female,0,0
9483,73,2,80,18,female,0,1
9483,74,2,80,18,female,0,1
9483,75,2,40,18,female,1,1
9705,6,2,20,18,female,1,1
9705,7,1,10,18,female,1,0
9705,8,2,80,18,female,1,1
9705,9,2,20,18,female,1,1
9705,10,1,1,18,female,0,0
9705,11,1,2,18,female,1,0
9705,12,1,2,18,female,1,0
9705,13,2,10,18,female,1,1
9705,14,2,40,18,female,1,1
9705,15,1,1,18,female,0,0
9705,16,1,5,18,female,0,0
9705,17,2,10,18,female,1,1
9705,18,1,2,18,female,0,0
9705,19,2,80,18,female,1,1
9705,20,1,2,18,female,1,0
9705,21,2,20,18,female,1,1
9705,22,1,1,18,female,0,0
9705,23,2,20,18,female,1,1
9705,24,2,20,18,female,1,1
9705,25,2,10,18,female,1,1
9705,26,2,10,18,female,1,1
9705,27,2,80,18,female,1,1
9705,28,1,5,18,female,0,0
9705,29,1,5,18,female,1,0
9705,30,2,40,18,female,0,1
9705,31,2,10,18,female,1,1
9705,32,2,40,18,female,0,1
9705,33,1,2,18,female,0,0
9705,34,2,80,18,female,0,1
9705,35,2,80,18,female,1,1
9705,36,1,2,18,female,1,0
9705,37,2,80,18,female,1,1
9705,38,2,40,18,female,0,1
9705,39,2,80,18,female,0,1
9705,40,2,40,18,female,0,1
9705,41,1,5,18,female,0,0
9705,42,1,5,18,female,1,0
9705,43,2,10,18,female,1,1
9705,44,1,2,18,female,1,0
9705,45,1,5,18,female,0,0
9705,46,1,5,18,female,0,0
9705,47,2,40,18,female,0,1
9705,48,2,40,18,female,0,1
9705,49,2,40,18,female,1,1
9705,50,2,40,18,female,1,1
9705,51,2,20,18,female,0,1
9705,52,2,80,18,female,1,1
9705,53,1,1,18,female,0,0
9705,54,1,2,18,female,0,0
9705,55,2,80,18,female,0,1
9705,56,2,20,18,female,0,1
9705,57,2,80,18,female,0,1
9705,58,1,1,18,female,1,0
9705,59,1,1,18,female,0,0
9705,60,2,20,18,female,0,1
9705,61,1,1,18,female,1,0
9705,62,2,10,18,female,0,1
9705,63,2,20,18,female,0,1
9705,64,2,40,18,female,0,1
9705,65,1,1,18,female,1,0
9705,66,1,5,18,female,1,0
9705,67,2,20,18,female,0,1
9705,68,1,2,18,female,0,0
9705,69,1,2,18,female,0,0
9705,70,1,5,18,female,1,0
9705,71,1,5,18,female,0,0
9705,72,2,10,18,female,1,1
9705,73,1,1,18,female,1,0
9705,74,1,1,18,female,1,0
9705,75,2,10,18,female,0,1
9904,6,2,20,19,female,1,1
9904,7,2,10,19,female,1,1
9904,8,2,5,19,female,1,1
9904,9,1,1,19,female,0,0
9904,10,1,1,19,female,0,0
9904,11,1,10,19,female,1,0
9904,12,2,10,19,female,1,1
9904,13,2,80,19,female,1,1
9904,14,2,5,19,female,0,1
9904,15,1,2,19,female,0,0
9904,16,1,5,19,female,0,0
9904,17,2,2,19,female,1,1
9904,18,2,40,19,female,1,1
9904,19,1,2,19,female,0,0
9904,20,2,2,19,female,0,1
9904,21,1,5,19,female,1,0
9904,22,1,2,19,female,0,0
9904,23,1,5,19,female,1,0
9904,24,2,80,19,female,0,1
9904,25,1,1,19,female,0,0
9904,26,1,5,19,female,1,0
9904,27,2,80,19,female,1,1
9904,28,2,80,19,female,1,1
9904,29,2,20,19,female,0,1
9904,30,1,40,19,female,0,0
9904,31,1,1,19,female,1,0
9904,32,1,1,19,female,0,0
9904,33,2,80,19,female,1,1
9904,34,2,20,19,female,0,1
9904,35,2,40,19,female,1,1
9904,36,2,40,19,female,1,1
9904,37,2,80,19,female,0,1
9904,38,2,80,19,female,0,1
9904,39,2,20,19,female,1,1
9904,40,1,5,19,female,0,0
9904,41,1,1,19,female,1,0
9904,42,1,40,19,female,1,0
9904,43,2,10,19,female,1,1
9904,44,2,40,19,female,0,1
9904,45,2,40,19,female,0,1
9904,46,2,20,19,female,0,1
9904,47,2,40,19,female,0,1
9904,48,1,5,19,female,0,0
9904,49,2,80,19,female,0,1
9904,50,1,2,19,female,0,0
9904,51,2,20,19,female,0,1
9904,52,1,10,19,female,1,0
9904,53,2,40,19,female,0,1
9904,54,1,2,19,female,1,0
9904,55,1,5,19,female,0,0
9904,56,1,2,19,female,1,0
9904,57,2,80,19,female,0,1
9904,58,2,20,19,female,0,1
9904,59,1,10,19,female,1,0
9904,60,2,10,19,female,1,1
9904,61,1,1,19,female,1,0
9904,62,2,80,19,female,1,1
9904,63,1,10,19,female,1,0
9904,64,2,1,19,female,1,1
9904,65,2,10,19,female,1,1
9904,66,2,1,19,female,1,1
9904,67,1,20,19,female,1,0
9904,68,2,1,19,female,0,1
9904,69,1,20,19,female,0,0
9904,70,1,5,19,female,1,0
9904,71,1,2,19,female,0,0
9904,72,1,10,19,female,0,0
9904,73,2,20,19,female,1,1
9904,74,1,2,19,female,1,0
9904,75,2,40,19,female,0,1
9938,6,2,40,19,male,0,1
9938,7,2,20,19,male,1,1
9938,8,2,20,19,male,1,1
9938,9,2,2,19,male,1,1
9938,10,1,80,19,male,0,0
9938,11,2,1,19,male,0,1
9938,12,2,2,19,male,1,1
9938,13,2,40,19,male,1,1
9938,14,2,10,19,male,0,1
9938,15,2,1,19,male,0,1
9938,16,1,2,19,male,0,0
9938,17,2,80,19,male,1,1
9938,18,1,40,19,male,1,0
9938,19,1,5,19,male,0,0
9938,20,2,5,19,male,1,1
9938,21,1,10,19,male,1,0
9938,22,1,2,19,male,0,0
9938,23,1,2,19,male,0,0
9938,24,2,20,19,male,0,1
9938,25,2,5,19,male,0,1
9938,26,1,20,19,male,1,0
9938,27,2,80,19,male,1,1
9938,28,1,80,19,male,1,0
9938,29,2,1,19,male,0,1
9938,30,2,20,19,male,1,1
9938,31,2,10,19,male,0,1
9938,32,2,5,19,male,1,1
9938,33,2,10,19,male,1,1
9938,34,1,80,19,male,0,0
9938,35,2,40,19,male,0,1
9938,36,2,20,19,male,0,1
9938,37,1,5,19,male,1,0
9938,38,1,1,19,male,1,0
9938,39,2,5,19,male,1,1
9938,40,2,10,19,male,0,1
9938,41,1,1,19,male,0,0
9938,42,2,10,19,male,0,1
9938,43,2,80,19,male,1,1
9938,44,2,10,19,male,0,1
9938,45,1,10,19,male,0,0
9938,46,1,2,19,male,0,0
9938,47,2,40,19,male,0,1
9938,48,1,5,19,male,1,0
9938,49,2,2,19,male,0,1
9938,50,2,80,19,male,1,1
9938,51,2,40,19,male,1,1
9938,52,1,5,19,male,1,0
9938,53,1,40,19,male,1,0
9938,54,1,1,19,male,1,0
9938,55,2,20,19,male,1,1
9938,56,1,1,19,male,0,0
9938,57,1,1,19,male,1,0
9938,58,1,2,19,male,1,0
9938,59,1,80,19,male,1,0
9938,60,2,5,19,male,0,1
9938,61,2,2,19,male,1,1
9938,62,1,10,19,male,1,0
9938,63,2,20,19,male,0,1
9938,64,2,20,19,male,1,1
9938,65,2,2,19,male,0,1
9938,66,2,40,19,male,0,1
9938,67,1,40,19,male,0,0
9938,68,2,80,19,male,0,1
9938,69,2,10,19,male,0,1
9938,70,1,40,19,male,0,0
9938,71,2,1,19,male,1,1
9938,72,2,80,19,male,0,1
9938,73,2,5,19,male,0,1
9938,74,2,1,19,male,1,1
9938,75,2,20,19,male,1,1